timestamp,client,command,args
"18:48:17.879","[0 54.38.154.45:58878]","PUBLISH","""/0.celeryev/worker.heartbeat"" ""{\""body\"": \""eyJob3N0bmFtZSI6ICJjZWxlcnlAZWQwMjYxNGQiLCAidXRjb2Zmc2V0IjogMCwgInBpZCI6IDUsICJjbG9jayI6IDI0OTAsICJmcmVxIjogMi4wLCAiYWN0aXZlIjogMCwgInByb2Nlc3NlZCI6IDAsICJsb2FkYXZnIjogWzAuMCwgMC4wLCAwLjBdLCAic3dfaWRlbnQiOiAicHktY2VsZXJ5IiwgInN3X3ZlciI6ICI1LjYuMiIsICJzd19zeXMiOiAiTGludXgiLCAidGltZXN0YW1wIjogMTc3MDY0MTI5Ny42MTk2ODExLCAidHlwZSI6ICJ3b3JrZXItaGVhcnRiZWF0In0=\"", \""content-encoding\"": \""utf-8\"", \""content-type\"": \""application/json\"", \""headers\"": {\""hostname\"": \""celery@ed02614d\""}, \""properties\"": {\""delivery_mode\"": 1, \""delivery_info\"": {\""exchange\"": \""celeryev\"", \""routing_key\"": \""worker.heartbeat\""}, \""priority\"": 0, \""body_encoding\"": \""base64\"", \""delivery_tag\"": \""0f737aa8-f189-4ba6-82a6-6e971a3829ad\""}}"""
"18:48:18.307","[0 54.38.154.44:38296]","BRPOP","""celery"" ""celery\x06\x163"" ""celery\x06\x166"" ""celery\x06\x169"" ""1"""
"18:48:18.423","[0 54.38.154.44:38324]","PUBLISH","""/0.celeryev/worker.heartbeat"" ""{\""body\"": \""eyJob3N0bmFtZSI6ICJjZWxlcnlANjY4YzQ3YTYiLCAidXRjb2Zmc2V0IjogMCwgInBpZCI6IDUsICJjbG9jayI6IDI0OTIsICJmcmVxIjogMi4wLCAiYWN0aXZlIjogMCwgInByb2Nlc3NlZCI6IDAsICJsb2FkYXZnIjogWzAuMDksIDAuMDMsIDAuMDFdLCAic3dfaWRlbnQiOiAicHktY2VsZXJ5IiwgInN3X3ZlciI6ICI1LjYuMiIsICJzd19zeXMiOiAiTGludXgiLCAidGltZXN0YW1wIjogMTc3MDY0MTI5OC4xNjYyNTYsICJ0eXBlIjogIndvcmtlci1oZWFydGJlYXQifQ==\"", \""content-encoding\"": \""utf-8\"", \""content-type\"": \""application/json\"", \""headers\"": {\""hostname\"": \""celery@668c47a6\""}, \""properties\"": {\""delivery_mode\"": 1, \""delivery_info\"": {\""exchange\"": \""celeryev\"", \""routing_key\"": \""worker.heartbeat\""}, \""priority\"": 0, \""body_encoding\"": \""base64\"", \""delivery_tag\"": \""48739d80-1a70-4677-9d28-19a1ce07a15a\""}}"""
"18:48:18.666","[0 103.187.94.136:47526]","BRPOP","""celery"" ""celery\x06\x163"" ""celery\x06\x166"" ""celery\x06\x169"" ""1"""
"18:48:19.187","[0 54.38.154.45:58838]","BRPOP","""celery"" ""celery\x06\x163"" ""celery\x06\x166"" ""celery\x06\x169"" ""1"""
"18:48:19.465","[0 103.187.94.140:45232]","PUBLISH","""/0.celeryev/worker.heartbeat"" ""{\""body\"": \""eyJob3N0bmFtZSI6ICJjZWxlcnlAcm9ja3kiLCAidXRjb2Zmc2V0IjogMCwgInBpZCI6IDgzMTAsICJjbG9jayI6IDI0OTQsICJmcmVxIjogMi4wLCAiYWN0aXZlIjogMCwgInByb2Nlc3NlZCI6IDAsICJsb2FkYXZnIjogWzAuNTksIDAuNTksIDAuNTFdLCAic3dfaWRlbnQiOiAicHktY2VsZXJ5IiwgInN3X3ZlciI6ICI1LjYuMiIsICJzd19zeXMiOiAiTGludXgiLCAidGltZXN0YW1wIjogMTc3MDY0MTI5OS4xOTQ2MzMsICJ0eXBlIjogIndvcmtlci1oZWFydGJlYXQifQ==\"", \""content-encoding\"": \""utf-8\"", \""content-type\"": \""application/json\"", \""headers\"": {\""hostname\"": \""celery@rocky\""}, \""properties\"": {\""delivery_mode\"": 1, \""delivery_info\"": {\""exchange\"": \""celeryev\"", \""routing_key\"": \""worker.heartbeat\""}, \""priority\"": 0, \""body_encoding\"": \""base64\"", \""delivery_tag\"": \""9ac12cca-e9b2-4c4c-847d-6b48ce273db0\""}}"""
"18:48:19.732","[0 54.38.154.44:38296]","BRPOP","""celery"" ""celery\x06\x163"" ""celery\x06\x166"" ""celery\x06\x169"" ""1"""
"18:48:20.209","[0 103.187.94.136:47526]","BRPOP","""celery"" ""celery\x06\x163"" ""celery\x06\x166"" ""celery\x06\x169"" ""1"""
"18:48:20.399","[0 54.38.154.45:58878]","PUBLISH","""/0.celeryev/worker.heartbeat"" ""{\""body\"": \""eyJob3N0bmFtZSI6ICJjZWxlcnlAZWQwMjYxNGQiLCAidXRjb2Zmc2V0IjogMCwgInBpZCI6IDUsICJjbG9jayI6IDI0OTYsICJmcmVxIjogMi4wLCAiYWN0aXZlIjogMCwgInByb2Nlc3NlZCI6IDAsICJsb2FkYXZnIjogWzAuMCwgMC4wLCAwLjBdLCAic3dfaWRlbnQiOiAicHktY2VsZXJ5IiwgInN3X3ZlciI6ICI1LjYuMiIsICJzd19zeXMiOiAiTGludXgiLCAidGltZXN0YW1wIjogMTc3MDY0MTMwMC4xNDA4MjY1LCAidHlwZSI6ICJ3b3JrZXItaGVhcnRiZWF0In0=\"", \""content-encoding\"": \""utf-8\"", \""content-type\"": \""application/json\"", \""headers\"": {\""hostname\"": \""celery@ed02614d\""}, \""properties\"": {\""delivery_mode\"": 1, \""delivery_info\"": {\""exchange\"": \""celeryev\"", \""routing_key\"": \""worker.heartbeat\""}, \""priority\"": 0, \""body_encoding\"": \""base64\"", \""delivery_tag\"": \""78cdca40-c04b-4973-baf4-07e3aaef6fa6\""}}"""
"18:48:20.494","[0 54.38.154.45:58838]","BRPOP","""celery"" ""celery\x06\x163"" ""celery\x06\x166"" ""celery\x06\x169"" ""1"""
"18:48:20.945","[0 54.38.154.44:38324]","PUBLISH","""/0.celeryev/worker.heartbeat"" ""{\""body\"": \""eyJob3N0bmFtZSI6ICJjZWxlcnlANjY4YzQ3YTYiLCAidXRjb2Zmc2V0IjogMCwgInBpZCI6IDUsICJjbG9jayI6IDI0OTgsICJmcmVxIjogMi4wLCAiYWN0aXZlIjogMCwgInByb2Nlc3NlZCI6IDAsICJsb2FkYXZnIjogWzAuMDgsIDAuMDMsIDAuMDFdLCAic3dfaWRlbnQiOiAicHktY2VsZXJ5IiwgInN3X3ZlciI6ICI1LjYuMiIsICJzd19zeXMiOiAiTGludXgiLCAidGltZXN0YW1wIjogMTc3MDY0MTMwMC42ODYyMTMsICJ0eXBlIjogIndvcmtlci1oZWFydGJlYXQifQ==\"", \""content-encoding\"": \""utf-8\"", \""content-type\"": \""application/json\"", \""headers\"": {\""hostname\"": \""celery@668c47a6\""}, \""properties\"": {\""delivery_mode\"": 1, \""delivery_info\"": {\""exchange\"": \""celeryev\"", \""routing_key\"": \""worker.heartbeat\""}, \""priority\"": 0, \""body_encoding\"": \""base64\"", \""delivery_tag\"": \""2662ca6b-f2b4-46cc-8679-465931a81fc8\""}}"""
"18:48:21.040","[0 54.38.154.44:38296]","BRPOP","""celery"" ""celery\x06\x163"" ""celery\x06\x166"" ""celery\x06\x169"" ""1"""
"18:48:21.800","[0 103.187.94.140:45232]","PUBLISH","""/0.celeryev/worker.heartbeat"" ""{\""body\"": \""eyJob3N0bmFtZSI6ICJjZWxlcnlAcm9ja3kiLCAidXRjb2Zmc2V0IjogMCwgInBpZCI6IDgzMTAsICJjbG9jayI6IDI1MDAsICJmcmVxIjogMi4wLCAiYWN0aXZlIjogMCwgInByb2Nlc3NlZCI6IDAsICJsb2FkYXZnIjogWzAuNTQsIDAuNTgsIDAuNTFdLCAic3dfaWRlbnQiOiAicHktY2VsZXJ5IiwgInN3X3ZlciI6ICI1LjYuMiIsICJzd19zeXMiOiAiTGludXgiLCAidGltZXN0YW1wIjogMTc3MDY0MTMwMS41MTgyMDEsICJ0eXBlIjogIndvcmtlci1oZWFydGJlYXQifQ==\"", \""content-encoding\"": \""utf-8\"", \""content-type\"": \""application/json\"", \""headers\"": {\""hostname\"": \""celery@rocky\""}, \""properties\"": {\""delivery_mode\"": 1, \""delivery_info\"": {\""exchange\"": \""celeryev\"", \""routing_key\"": \""worker.heartbeat\""}, \""priority\"": 0, \""body_encoding\"": \""base64\"", \""delivery_tag\"": \""87bee0ed-cebf-4d2d-a170-634e87387611\""}}"""
"18:48:21.758","[0 103.187.94.136:47526]","BRPOP","""celery"" ""celery\x06\x163"" ""celery\x06\x166"" ""celery\x06\x169"" ""1"""
"18:48:21.799","[0 54.38.154.45:58838]","BRPOP","""celery"" ""celery\x06\x163"" ""celery\x06\x166"" ""celery\x06\x169"" ""1"""
"18:48:22.345","[0 54.38.154.44:38296]","BRPOP","""celery"" ""celery\x06\x163"" ""celery\x06\x166"" ""celery\x06\x169"" ""1"""
"18:48:22.920","[0 54.38.154.45:58878]","PUBLISH","""/0.celeryev/worker.heartbeat"" ""{\""body\"": \""eyJob3N0bmFtZSI6ICJjZWxlcnlAZWQwMjYxNGQiLCAidXRjb2Zmc2V0IjogMCwgInBpZCI6IDUsICJjbG9jayI6IDI1MDIsICJmcmVxIjogMi4wLCAiYWN0aXZlIjogMCwgInByb2Nlc3NlZCI6IDAsICJsb2FkYXZnIjogWzAuMCwgMC4wLCAwLjBdLCAic3dfaWRlbnQiOiAicHktY2VsZXJ5IiwgInN3X3ZlciI6ICI1LjYuMiIsICJzd19zeXMiOiAiTGludXgiLCAidGltZXN0YW1wIjogMTc3MDY0MTMwMi42NjAzODg1LCAidHlwZSI6ICJ3b3JrZXItaGVhcnRiZWF0In0=\"", \""content-encoding\"": \""utf-8\"", \""content-type\"": \""application/json\"", \""headers\"": {\""hostname\"": \""celery@ed02614d\""}, \""properties\"": {\""delivery_mode\"": 1, \""delivery_info\"": {\""exchange\"": \""celeryev\"", \""routing_key\"": \""worker.heartbeat\""}, \""priority\"": 0, \""body_encoding\"": \""base64\"", \""delivery_tag\"": \""b898f98a-4a8b-448b-b1b7-3c3cf53dbf98\""}}"""
"18:48:23.107","[0 54.38.154.45:58838]","BRPOP","""celery"" ""celery\x06\x163"" ""celery\x06\x166"" ""celery\x06\x169"" ""1"""
"18:48:23.290","[0 103.187.94.136:47526]","BRPOP","""celery"" ""celery\x06\x163"" ""celery\x06\x166"" ""celery\x06\x169"" ""1"""
"18:48:23.465","[0 54.38.154.44:38324]","PUBLISH","""/0.celeryev/worker.heartbeat"" ""{\""body\"": \""eyJob3N0bmFtZSI6ICJjZWxlcnlANjY4YzQ3YTYiLCAidXRjb2Zmc2V0IjogMCwgInBpZCI6IDUsICJjbG9jayI6IDI1MDQsICJmcmVxIjogMi4wLCAiYWN0aXZlIjogMCwgInByb2Nlc3NlZCI6IDAsICJsb2FkYXZnIjogWzAuMDgsIDAuMDMsIDAuMDFdLCAic3dfaWRlbnQiOiAicHktY2VsZXJ5IiwgInN3X3ZlciI6ICI1LjYuMiIsICJzd19zeXMiOiAiTGludXgiLCAidGltZXN0YW1wIjogMTc3MDY0MTMwMy4yMDY2NDQ4LCAidHlwZSI6ICJ3b3JrZXItaGVhcnRiZWF0In0=\"", \""content-encoding\"": \""utf-8\"", \""content-type\"": \""application/json\"", \""headers\"": {\""hostname\"": \""celery@668c47a6\""}, \""properties\"": {\""delivery_mode\"": 1, \""delivery_info\"": {\""exchange\"": \""celeryev\"", \""routing_key\"": \""worker.heartbeat\""}, \""priority\"": 0, \""body_encoding\"": \""base64\"", \""delivery_tag\"": \""7355536d-b82e-40de-a642-b422443a43fd\""}}"""
"18:48:23.747","[0 54.38.154.44:38296]","BRPOP","""celery"" ""celery\x06\x163"" ""celery\x06\x166"" ""celery\x06\x169"" ""1"""
"18:48:24.122","[0 103.187.94.140:45232]","PUBLISH","""/0.celeryev/worker.heartbeat"" ""{\""body\"": \""eyJob3N0bmFtZSI6ICJjZWxlcnlAcm9ja3kiLCAidXRjb2Zmc2V0IjogMCwgInBpZCI6IDgzMTAsICJjbG9jayI6IDI1MDYsICJmcmVxIjogMi4wLCAiYWN0aXZlIjogMCwgInByb2Nlc3NlZCI6IDAsICJsb2FkYXZnIjogWzAuNTQsIDAuNTgsIDAuNTFdLCAic3dfaWRlbnQiOiAicHktY2VsZXJ5IiwgInN3X3ZlciI6ICI1LjYuMiIsICJzd19zeXMiOiAiTGludXgiLCAidGltZXN0YW1wIjogMTc3MDY0MTMwMy44NTE5MTA4LCAidHlwZSI6ICJ3b3JrZXItaGVhcnRiZWF0In0=\"", \""content-encoding\"": \""utf-8\"", \""content-type\"": \""application/json\"", \""headers\"": {\""hostname\"": \""celery@rocky\""}, \""properties\"": {\""delivery_mode\"": 1, \""delivery_info\"": {\""exchange\"": \""celeryev\"", \""routing_key\"": \""worker.heartbeat\""}, \""priority\"": 0, \""body_encoding\"": \""base64\"", \""delivery_tag\"": \""448912f0-ca06-45ab-ae06-e187451cc4cb\""}}"""
"18:48:24.412","[0 54.38.154.45:58838]","BRPOP","""celery"" ""celery\x06\x163"" ""celery\x06\x166"" ""celery\x06\x169"" ""1"""
"18:48:24.825","[0 103.187.94.136:47526]","BRPOP","""celery"" ""celery\x06\x163"" ""celery\x06\x166"" ""celery\x06\x169"" ""1"""
"18:48:25.053","[0 54.38.154.44:38296]","BRPOP","""celery"" ""celery\x06\x163"" ""celery\x06\x166"" ""celery\x06\x169"" ""1"""
"18:48:25.443","[0 54.38.154.45:58878]","PUBLISH","""/0.celeryev/worker.heartbeat"" ""{\""body\"": \""eyJob3N0bmFtZSI6ICJjZWxlcnlAZWQwMjYxNGQiLCAidXRjb2Zmc2V0IjogMCwgInBpZCI6IDUsICJjbG9jayI6IDI1MDgsICJmcmVxIjogMi4wLCAiYWN0aXZlIjogMCwgInByb2Nlc3NlZCI6IDAsICJsb2FkYXZnIjogWzAuMCwgMC4wLCAwLjBdLCAic3dfaWRlbnQiOiAicHktY2VsZXJ5IiwgInN3X3ZlciI6ICI1LjYuMiIsICJzd19zeXMiOiAiTGludXgiLCAidGltZXN0YW1wIjogMTc3MDY0MTMwNS4xODE0OTczLCAidHlwZSI6ICJ3b3JrZXItaGVhcnRiZWF0In0=\"", \""content-encoding\"": \""utf-8\"", \""content-type\"": \""application/json\"", \""headers\"": {\""hostname\"": \""celery@ed02614d\""}, \""properties\"": {\""delivery_mode\"": 1, \""delivery_info\"": {\""exchange\"": \""celeryev\"", \""routing_key\"": \""worker.heartbeat\""}, \""priority\"": 0, \""body_encoding\"": \""base64\"", \""delivery_tag\"": \""9f2d02d1-9637-4e64-85a3-37d5b1156d89\""}}"""
"18:48:25.720","[0 54.38.154.45:58838]","BRPOP","""celery"" ""celery\x06\x163"" ""celery\x06\x166"" ""celery\x06\x169"" ""1"""
"18:48:25.985","[0 54.38.154.44:38324]","PUBLISH","""/0.celeryev/worker.heartbeat"" ""{\""body\"": \""eyJob3N0bmFtZSI6ICJjZWxlcnlANjY4YzQ3YTYiLCAidXRjb2Zmc2V0IjogMCwgInBpZCI6IDUsICJjbG9jayI6IDI1MTAsICJmcmVxIjogMi4wLCAiYWN0aXZlIjogMCwgInByb2Nlc3NlZCI6IDAsICJsb2FkYXZnIjogWzAuMDcsIDAuMDMsIDAuMDFdLCAic3dfaWRlbnQiOiAicHktY2VsZXJ5IiwgInN3X3ZlciI6ICI1LjYuMiIsICJzd19zeXMiOiAiTGludXgiLCAidGltZXN0YW1wIjogMTc3MDY0MTMwNS43MjQ3ODk2LCAidHlwZSI6ICJ3b3JrZXItaGVhcnRiZWF0In0=\"", \""content-encoding\"": \""utf-8\"", \""content-type\"": \""application/json\"", \""headers\"": {\""hostname\"": \""celery@668c47a6\""}, \""properties\"": {\""delivery_mode\"": 1, \""delivery_info\"": {\""exchange\"": \""celeryev\"", \""routing_key\"": \""worker.heartbeat\""}, \""priority\"": 0, \""body_encoding\"": \""base64\"", \""delivery_tag\"": \""ea75ae13-153f-4a07-9546-3dcbb27beb8f\""}}"""
"18:48:26.456","[0 103.187.94.140:45232]","PUBLISH","""/0.celeryev/worker.heartbeat"" ""{\""body\"": \""eyJob3N0bmFtZSI6ICJjZWxlcnlAcm9ja3kiLCAidXRjb2Zmc2V0IjogMCwgInBpZCI6IDgzMTAsICJjbG9jayI6IDI1MTIsICJmcmVxIjogMi4wLCAiYWN0aXZlIjogMCwgInByb2Nlc3NlZCI6IDAsICJsb2FkYXZnIjogWzAuNSwgMC41NywgMC41MV0sICJzd19pZGVudCI6ICJweS1jZWxlcnkiLCAic3dfdmVyIjogIjUuNi4yIiwgInN3X3N5cyI6ICJMaW51eCIsICJ0aW1lc3RhbXAiOiAxNzcwNjQxMzA2LjE3NTAwMywgInR5cGUiOiAid29ya2VyLWhlYXJ0YmVhdCJ9\"", \""content-encoding\"": \""utf-8\"", \""content-type\"": \""application/json\"", \""headers\"": {\""hostname\"": \""celery@rocky\""}, \""properties\"": {\""delivery_mode\"": 1, \""delivery_info\"": {\""exchange\"": \""celeryev\"", \""routing_key\"": \""worker.heartbeat\""}, \""priority\"": 0, \""body_encoding\"": \""base64\"", \""delivery_tag\"": \""0e24b785-f018-428f-985b-54efcd29d3d5\""}}"""
"18:48:26.359","[0 54.38.154.44:38296]","BRPOP","""celery"" ""celery\x06\x163"" ""celery\x06\x166"" ""celery\x06\x169"" ""1"""
"18:48:26.369","[0 103.187.94.136:47526]","BRPOP","""celery"" ""celery\x06\x163"" ""celery\x06\x166"" ""celery\x06\x169"" ""1"""
"18:48:26.609","[0 103.187.94.137:50904]","PING","""redis-py-health-check"""
"18:48:26.720","[0 103.187.94.137:50904]","PING","""redis-py-health-check"""
"18:48:27.013","[0 54.38.154.45:41630]","UNSUBSCRIBE","""/0.celeryev/worker.*"""
"18:48:27.027","[0 54.38.154.45:58838]","BRPOP","""celery"" ""celery\x06\x163"" ""celery\x06\x166"" ""celery\x06\x169"" ""1"""
"18:48:27.402","[0 54.38.154.45:58464]","AUTH","""(redacted)"" ""(redacted)"""
"18:48:27.665","[0 54.38.154.44:38296]","BRPOP","""celery"" ""celery\x06\x163"" ""celery\x06\x166"" ""celery\x06\x169"" ""1"""
"18:48:27.908","[0 54.38.154.45:58464]","SREM","""_kombu.binding.celeryev"" ""worker.#\x06\x16\x06\x16celeryev.07a99971-25ea-436b-a534-bd507ee4d105"""
"18:48:27.919","[0 103.187.94.136:47526]","BRPOP","""celery"" ""celery\x06\x163"" ""celery\x06\x166"" ""celery\x06\x169"" ""1"""
"18:48:28.213","[0 54.38.154.45:58464]","MULTI",""
"18:48:28.423","[0 54.38.154.45:58464]","DEL","""celeryev.07a99971-25ea-436b-a534-bd507ee4d105"""
"18:48:28.502","[0 54.38.154.44:38324]","PUBLISH","""/0.celeryev/worker.heartbeat"" ""{\""body\"": \""eyJob3N0bmFtZSI6ICJjZWxlcnlANjY4YzQ3YTYiLCAidXRjb2Zmc2V0IjogMCwgInBpZCI6IDUsICJjbG9jayI6IDI1MTQsICJmcmVxIjogMi4wLCAiYWN0aXZlIjogMCwgInByb2Nlc3NlZCI6IDAsICJsb2FkYXZnIjogWzAuMDcsIDAuMDMsIDAuMDFdLCAic3dfaWRlbnQiOiAicHktY2VsZXJ5IiwgInN3X3ZlciI6ICI1LjYuMiIsICJzd19zeXMiOiAiTGludXgiLCAidGltZXN0YW1wIjogMTc3MDY0MTMwOC4yNDQxMTQ2LCAidHlwZSI6ICJ3b3JrZXItaGVhcnRiZWF0In0=\"", \""content-encoding\"": \""utf-8\"", \""content-type\"": \""application/json\"", \""headers\"": {\""hostname\"": \""celery@668c47a6\""}, \""properties\"": {\""delivery_mode\"": 1, \""delivery_info\"": {\""exchange\"": \""celeryev\"", \""routing_key\"": \""worker.heartbeat\""}, \""priority\"": 0, \""body_encoding\"": \""base64\"", \""delivery_tag\"": \""8f062986-1936-492c-8ebe-214fe503ae00\""}}"""
"18:48:28.423","[0 54.38.154.45:58464]","DEL","""celeryev.07a99971-25ea-436b-a534-bd507ee4d105\x06\x163"""
"18:48:28.789","[0 103.187.94.140:45232]","PUBLISH","""/0.celeryev/worker.heartbeat"" ""{\""body\"": \""eyJob3N0bmFtZSI6ICJjZWxlcnlAcm9ja3kiLCAidXRjb2Zmc2V0IjogMCwgInBpZCI6IDgzMTAsICJjbG9jayI6IDI1MTYsICJmcmVxIjogMi4wLCAiYWN0aXZlIjogMCwgInByb2Nlc3NlZCI6IDAsICJsb2FkYXZnIjogWzAuNSwgMC41NywgMC41MV0sICJzd19pZGVudCI6ICJweS1jZWxlcnkiLCAic3dfdmVyIjogIjUuNi4yIiwgInN3X3N5cyI6ICJMaW51eCIsICJ0aW1lc3RhbXAiOiAxNzcwNjQxMzA4LjUwODc1OCwgInR5cGUiOiAid29ya2VyLWhlYXJ0YmVhdCJ9\"", \""content-encoding\"": \""utf-8\"", \""content-type\"": \""application/json\"", \""headers\"": {\""hostname\"": \""celery@rocky\""}, \""properties\"": {\""delivery_mode\"": 1, \""delivery_info\"": {\""exchange\"": \""celeryev\"", \""routing_key\"": \""worker.heartbeat\""}, \""priority\"": 0, \""body_encoding\"": \""base64\"", \""delivery_tag\"": \""84d77d34-f452-459a-8373-a137283cbce1\""}}"""
"18:48:28.423","[0 54.38.154.45:58464]","DEL","""celeryev.07a99971-25ea-436b-a534-bd507ee4d105\x06\x166"""
"18:48:28.423","[0 54.38.154.45:58464]","DEL","""celeryev.07a99971-25ea-436b-a534-bd507ee4d105\x06\x169"""
"18:48:29.270","[0 54.38.154.45:58464]","EXEC",""
"18:48:29.270","[0 54.38.154.44:38296]","BRPOP","""celery"" ""celery\x06\x163"" ""celery\x06\x166"" ""celery\x06\x169"" ""1"""
"18:48:29.453","[0 103.187.94.136:47526]","BRPOP","""celery"" ""celery\x06\x163"" ""celery\x06\x166"" ""celery\x06\x169"" ""1"""
"18:48:30.578","[0 54.38.154.44:38296]","BRPOP","""celery"" ""celery\x06\x163"" ""celery\x06\x166"" ""celery\x06\x169"" ""1"""
"18:48:30.997","[0 103.187.94.136:47526]","BRPOP","""celery"" ""celery\x06\x163"" ""celery\x06\x166"" ""celery\x06\x169"" ""1"""
"18:48:31.122","[0 103.187.94.140:45232]","PUBLISH","""/0.celeryev/worker.heartbeat"" ""{\""body\"": \""eyJob3N0bmFtZSI6ICJjZWxlcnlAcm9ja3kiLCAidXRjb2Zmc2V0IjogMCwgInBpZCI6IDgzMTAsICJjbG9jayI6IDI1MTgsICJmcmVxIjogMi4wLCAiYWN0aXZlIjogMCwgInByb2Nlc3NlZCI6IDAsICJsb2FkYXZnIjogWzAuNTQsIDAuNTgsIDAuNTFdLCAic3dfaWRlbnQiOiAicHktY2VsZXJ5IiwgInN3X3ZlciI6ICI1LjYuMiIsICJzd19zeXMiOiAiTGludXgiLCAidGltZXN0YW1wIjogMTc3MDY0MTMxMC44NDExOTQsICJ0eXBlIjogIndvcmtlci1oZWFydGJlYXQifQ==\"", \""content-encoding\"": \""utf-8\"", \""content-type\"": \""application/json\"", \""headers\"": {\""hostname\"": \""celery@rocky\""}, \""properties\"": {\""delivery_mode\"": 1, \""delivery_info\"": {\""exchange\"": \""celeryev\"", \""routing_key\"": \""worker.heartbeat\""}, \""priority\"": 0, \""body_encoding\"": \""base64\"", \""delivery_tag\"": \""67e03f68-3506-4f39-a3ef-62df6b4a1196\""}}"""
"18:48:31.024","[0 54.38.154.44:38324]","PUBLISH","""/0.celeryev/worker.heartbeat"" ""{\""body\"": \""eyJob3N0bmFtZSI6ICJjZWxlcnlANjY4YzQ3YTYiLCAidXRjb2Zmc2V0IjogMCwgInBpZCI6IDUsICJjbG9jayI6IDI1MTgsICJmcmVxIjogMi4wLCAiYWN0aXZlIjogMCwgInByb2Nlc3NlZCI6IDAsICJsb2FkYXZnIjogWzAuMDcsIDAuMDMsIDAuMDFdLCAic3dfaWRlbnQiOiAicHktY2VsZXJ5IiwgInN3X3ZlciI6ICI1LjYuMiIsICJzd19zeXMiOiAiTGludXgiLCAidGltZXN0YW1wIjogMTc3MDY0MTMxMC43NjQ2MzMyLCAidHlwZSI6ICJ3b3JrZXItaGVhcnRiZWF0In0=\"", \""content-encoding\"": \""utf-8\"", \""content-type\"": \""application/json\"", \""headers\"": {\""hostname\"": \""celery@668c47a6\""}, \""properties\"": {\""delivery_mode\"": 1, \""delivery_info\"": {\""exchange\"": \""celeryev\"", \""routing_key\"": \""worker.heartbeat\""}, \""priority\"": 0, \""body_encoding\"": \""base64\"", \""delivery_tag\"": \""c28d5006-bf4e-4e62-935f-4d9c4883f1ec\""}}"""
"18:48:32.333","[0 54.38.154.44:38296]","BRPOP","""celery"" ""celery\x06\x163"" ""celery\x06\x166"" ""celery\x06\x169"" ""1"""
"18:48:32.540","[0 103.187.94.136:47526]","BRPOP","""celery"" ""celery\x06\x163"" ""celery\x06\x166"" ""celery\x06\x169"" ""1"""
"18:48:33.455","[0 103.187.94.140:45232]","PUBLISH","""/0.celeryev/worker.heartbeat"" ""{\""body\"": \""eyJob3N0bmFtZSI6ICJjZWxlcnlAcm9ja3kiLCAidXRjb2Zmc2V0IjogMCwgInBpZCI6IDgzMTAsICJjbG9jayI6IDI1MjEsICJmcmVxIjogMi4wLCAiYWN0aXZlIjogMCwgInByb2Nlc3NlZCI6IDAsICJsb2FkYXZnIjogWzAuNTQsIDAuNTgsIDAuNTFdLCAic3dfaWRlbnQiOiAicHktY2VsZXJ5IiwgInN3X3ZlciI6ICI1LjYuMiIsICJzd19zeXMiOiAiTGludXgiLCAidGltZXN0YW1wIjogMTc3MDY0MTMxMy4xNzQ1MTEsICJ0eXBlIjogIndvcmtlci1oZWFydGJlYXQifQ==\"", \""content-encoding\"": \""utf-8\"", \""content-type\"": \""application/json\"", \""headers\"": {\""hostname\"": \""celery@rocky\""}, \""properties\"": {\""delivery_mode\"": 1, \""delivery_info\"": {\""exchange\"": \""celeryev\"", \""routing_key\"": \""worker.heartbeat\""}, \""priority\"": 0, \""body_encoding\"": \""base64\"", \""delivery_tag\"": \""126108ca-d602-4341-b2e3-17102408f56b\""}}"""
"18:48:33.584","[0 54.38.154.44:38324]","PUBLISH","""/0.celeryev/worker.heartbeat"" ""{\""body\"": \""eyJob3N0bmFtZSI6ICJjZWxlcnlANjY4YzQ3YTYiLCAidXRjb2Zmc2V0IjogMCwgInBpZCI6IDUsICJjbG9jayI6IDI1MjEsICJmcmVxIjogMi4wLCAiYWN0aXZlIjogMCwgInByb2Nlc3NlZCI6IDAsICJsb2FkYXZnIjogWzAuMDcsIDAuMDMsIDAuMDFdLCAic3dfaWRlbnQiOiAicHktY2VsZXJ5IiwgInN3X3ZlciI6ICI1LjYuMiIsICJzd19zeXMiOiAiTGludXgiLCAidGltZXN0YW1wIjogMTc3MDY0MTMxMy4yODY5OTgzLCAidHlwZSI6ICJ3b3JrZXItaGVhcnRiZWF0In0=\"", \""content-encoding\"": \""utf-8\"", \""content-type\"": \""application/json\"", \""headers\"": {\""hostname\"": \""celery@668c47a6\""}, \""properties\"": {\""delivery_mode\"": 1, \""delivery_info\"": {\""exchange\"": \""celeryev\"", \""routing_key\"": \""worker.heartbeat\""}, \""priority\"": 0, \""body_encoding\"": \""base64\"", \""delivery_tag\"": \""00cc5cde-a92d-4699-b283-e9e39e2826d2\""}}"""
"18:48:33.641","[0 54.38.154.44:38296]","BRPOP","""celery"" ""celery\x06\x163"" ""celery\x06\x166"" ""celery\x06\x169"" ""1"""
"18:48:34.082","[0 103.187.94.136:47526]","BRPOP","""celery"" ""celery\x06\x163"" ""celery\x06\x166"" ""celery\x06\x169"" ""1"""
"18:48:34.946","[0 54.38.154.44:38296]","BRPOP","""celery"" ""celery\x06\x163"" ""celery\x06\x166"" ""celery\x06\x169"" ""1"""
"18:48:35.614","[0 103.187.94.136:47526]","BRPOP","""celery"" ""celery\x06\x163"" ""celery\x06\x166"" ""celery\x06\x169"" ""1"""
"18:48:35.789","[0 103.187.94.140:45232]","PUBLISH","""/0.celeryev/worker.heartbeat"" ""{\""body\"": \""eyJob3N0bmFtZSI6ICJjZWxlcnlAcm9ja3kiLCAidXRjb2Zmc2V0IjogMCwgInBpZCI6IDgzMTAsICJjbG9jayI6IDI1MjQsICJmcmVxIjogMi4wLCAiYWN0aXZlIjogMCwgInByb2Nlc3NlZCI6IDAsICJsb2FkYXZnIjogWzAuNTQsIDAuNTgsIDAuNTFdLCAic3dfaWRlbnQiOiAicHktY2VsZXJ5IiwgInN3X3ZlciI6ICI1LjYuMiIsICJzd19zeXMiOiAiTGludXgiLCAidGltZXN0YW1wIjogMTc3MDY0MTMxNS41MDgxOTAyLCAidHlwZSI6ICJ3b3JrZXItaGVhcnRiZWF0In0=\"", \""content-encoding\"": \""utf-8\"", \""content-type\"": \""application/json\"", \""headers\"": {\""hostname\"": \""celery@rocky\""}, \""properties\"": {\""delivery_mode\"": 1, \""delivery_info\"": {\""exchange\"": \""celeryev\"", \""routing_key\"": \""worker.heartbeat\""}, \""priority\"": 0, \""body_encoding\"": \""base64\"", \""delivery_tag\"": \""92514873-3f28-47b5-a4c5-a44e12f63145\""}}"""
"18:48:36.106","[0 54.38.154.44:38324]","PUBLISH","""/0.celeryev/worker.heartbeat"" ""{\""body\"": \""eyJob3N0bmFtZSI6ICJjZWxlcnlANjY4YzQ3YTYiLCAidXRjb2Zmc2V0IjogMCwgInBpZCI6IDUsICJjbG9jayI6IDI1MjYsICJmcmVxIjogMi4wLCAiYWN0aXZlIjogMCwgInByb2Nlc3NlZCI6IDAsICJsb2FkYXZnIjogWzAuMDYsIDAuMDMsIDAuMDFdLCAic3dfaWRlbnQiOiAicHktY2VsZXJ5IiwgInN3X3ZlciI6ICI1LjYuMiIsICJzd19zeXMiOiAiTGludXgiLCAidGltZXN0YW1wIjogMTc3MDY0MTMxNS44NDYwOTcsICJ0eXBlIjogIndvcmtlci1oZWFydGJlYXQifQ==\"", \""content-encoding\"": \""utf-8\"", \""content-type\"": \""application/json\"", \""headers\"": {\""hostname\"": \""celery@668c47a6\""}, \""properties\"": {\""delivery_mode\"": 1, \""delivery_info\"": {\""exchange\"": \""celeryev\"", \""routing_key\"": \""worker.heartbeat\""}, \""priority\"": 0, \""body_encoding\"": \""base64\"", \""delivery_tag\"": \""6727881d-dd99-4265-ae82-f05d3e1d5562\""}}"""
"18:48:36.254","[0 54.38.154.44:38296]","BRPOP","""celery"" ""celery\x06\x163"" ""celery\x06\x166"" ""celery\x06\x169"" ""1"""
"18:48:37.145","[0 103.187.94.136:47526]","BRPOP","""celery"" ""celery\x06\x163"" ""celery\x06\x166"" ""celery\x06\x169"" ""1"""
"18:48:37.559","[0 54.38.154.44:38296]","BRPOP","""celery"" ""celery\x06\x163"" ""celery\x06\x166"" ""celery\x06\x169"" ""1"""
"18:48:38.112","[0 103.187.94.140:45232]","PUBLISH","""/0.celeryev/worker.heartbeat"" ""{\""body\"": \""eyJob3N0bmFtZSI6ICJjZWxlcnlAcm9ja3kiLCAidXRjb2Zmc2V0IjogMCwgInBpZCI6IDgzMTAsICJjbG9jayI6IDI1MjgsICJmcmVxIjogMi4wLCAiYWN0aXZlIjogMCwgInByb2Nlc3NlZCI6IDAsICJsb2FkYXZnIjogWzAuNjYsIDAuNjEsIDAuNTJdLCAic3dfaWRlbnQiOiAicHktY2VsZXJ5IiwgInN3X3ZlciI6ICI1LjYuMiIsICJzd19zeXMiOiAiTGludXgiLCAidGltZXN0YW1wIjogMTc3MDY0MTMxNy44NDE2MDE2LCAidHlwZSI6ICJ3b3JrZXItaGVhcnRiZWF0In0=\"", \""content-encoding\"": \""utf-8\"", \""content-type\"": \""application/json\"", \""headers\"": {\""hostname\"": \""celery@rocky\""}, \""properties\"": {\""delivery_mode\"": 1, \""delivery_info\"": {\""exchange\"": \""celeryev\"", \""routing_key\"": \""worker.heartbeat\""}, \""priority\"": 0, \""body_encoding\"": \""base64\"", \""delivery_tag\"": \""2327030e-0e0f-4c1a-bd26-9294ef0d5d2c\""}}"""
"18:48:38.628","[0 54.38.154.44:38324]","PUBLISH","""/0.celeryev/worker.heartbeat"" ""{\""body\"": \""eyJob3N0bmFtZSI6ICJjZWxlcnlANjY4YzQ3YTYiLCAidXRjb2Zmc2V0IjogMCwgInBpZCI6IDUsICJjbG9jayI6IDI1MzAsICJmcmVxIjogMi4wLCAiYWN0aXZlIjogMCwgInByb2Nlc3NlZCI6IDAsICJsb2FkYXZnIjogWzAuMDYsIDAuMDMsIDAuMDFdLCAic3dfaWRlbnQiOiAicHktY2VsZXJ5IiwgInN3X3ZlciI6ICI1LjYuMiIsICJzd19zeXMiOiAiTGludXgiLCAidGltZXN0YW1wIjogMTc3MDY0MTMxOC4zNjk1NDI2LCAidHlwZSI6ICJ3b3JrZXItaGVhcnRiZWF0In0=\"", \""content-encoding\"": \""utf-8\"", \""content-type\"": \""application/json\"", \""headers\"": {\""hostname\"": \""celery@668c47a6\""}, \""properties\"": {\""delivery_mode\"": 1, \""delivery_info\"": {\""exchange\"": \""celeryev\"", \""routing_key\"": \""worker.heartbeat\""}, \""priority\"": 0, \""body_encoding\"": \""base64\"", \""delivery_tag\"": \""d8846af5-0671-4556-8e15-8f36400c75fe\""}}"""
"18:48:38.681","[0 103.187.94.136:47526]","BRPOP","""celery"" ""celery\x06\x163"" ""celery\x06\x166"" ""celery\x06\x169"" ""1"""
"18:48:38.864","[0 54.38.154.44:38296]","BRPOP","""celery"" ""celery\x06\x163"" ""celery\x06\x166"" ""celery\x06\x169"" ""1"""
"18:48:40.170","[0 54.38.154.44:38296]","BRPOP","""celery"" ""celery\x06\x163"" ""celery\x06\x166"" ""celery\x06\x169"" ""1"""
"18:48:40.225","[0 103.187.94.136:47526]","BRPOP","""celery"" ""celery\x06\x163"" ""celery\x06\x166"" ""celery\x06\x169"" ""1"""
"18:48:40.435","[0 103.187.94.140:45232]","PUBLISH","""/0.celeryev/worker.heartbeat"" ""{\""body\"": \""eyJob3N0bmFtZSI6ICJjZWxlcnlAcm9ja3kiLCAidXRjb2Zmc2V0IjogMCwgInBpZCI6IDgzMTAsICJjbG9jayI6IDI1MzIsICJmcmVxIjogMi4wLCAiYWN0aXZlIjogMCwgInByb2Nlc3NlZCI6IDAsICJsb2FkYXZnIjogWzAuNjYsIDAuNjEsIDAuNTJdLCAic3dfaWRlbnQiOiAicHktY2VsZXJ5IiwgInN3X3ZlciI6ICI1LjYuMiIsICJzd19zeXMiOiAiTGludXgiLCAidGltZXN0YW1wIjogMTc3MDY0MTMyMC4xNjQzNDY3LCAidHlwZSI6ICJ3b3JrZXItaGVhcnRiZWF0In0=\"", \""content-encoding\"": \""utf-8\"", \""content-type\"": \""application/json\"", \""headers\"": {\""hostname\"": \""celery@rocky\""}, \""properties\"": {\""delivery_mode\"": 1, \""delivery_info\"": {\""exchange\"": \""celeryev\"", \""routing_key\"": \""worker.heartbeat\""}, \""priority\"": 0, \""body_encoding\"": \""base64\"", \""delivery_tag\"": \""a745e137-a097-4ac5-8417-c2c20eb0b89f\""}}"""
"18:48:41.150","[0 54.38.154.44:38324]","PUBLISH","""/0.celeryev/worker.heartbeat"" ""{\""body\"": \""eyJob3N0bmFtZSI6ICJjZWxlcnlANjY4YzQ3YTYiLCAidXRjb2Zmc2V0IjogMCwgInBpZCI6IDUsICJjbG9jayI6IDI1MzQsICJmcmVxIjogMi4wLCAiYWN0aXZlIjogMCwgInByb2Nlc3NlZCI6IDAsICJsb2FkYXZnIjogWzAuMDYsIDAuMDMsIDAuMDFdLCAic3dfaWRlbnQiOiAicHktY2VsZXJ5IiwgInN3X3ZlciI6ICI1LjYuMiIsICJzd19zeXMiOiAiTGludXgiLCAidGltZXN0YW1wIjogMTc3MDY0MTMyMC44OTA2MTIxLCAidHlwZSI6ICJ3b3JrZXItaGVhcnRiZWF0In0=\"", \""content-encoding\"": \""utf-8\"", \""content-type\"": \""application/json\"", \""headers\"": {\""hostname\"": \""celery@668c47a6\""}, \""properties\"": {\""delivery_mode\"": 1, \""delivery_info\"": {\""exchange\"": \""celeryev\"", \""routing_key\"": \""worker.heartbeat\""}, \""priority\"": 0, \""body_encoding\"": \""base64\"", \""delivery_tag\"": \""c2859b79-a97f-4bec-a663-7e392c09410e\""}}"""
"18:48:41.475","[0 54.38.154.44:38296]","BRPOP","""celery"" ""celery\x06\x163"" ""celery\x06\x166"" ""celery\x06\x169"" ""1"""
"18:48:41.773","[0 103.187.94.136:47526]","BRPOP","""celery"" ""celery\x06\x163"" ""celery\x06\x166"" ""celery\x06\x169"" ""1"""
"18:48:42.769","[0 103.187.94.140:45232]","PUBLISH","""/0.celeryev/worker.heartbeat"" ""{\""body\"": \""eyJob3N0bmFtZSI6ICJjZWxlcnlAcm9ja3kiLCAidXRjb2Zmc2V0IjogMCwgInBpZCI6IDgzMTAsICJjbG9jayI6IDI1MzYsICJmcmVxIjogMi4wLCAiYWN0aXZlIjogMCwgInByb2Nlc3NlZCI6IDAsICJsb2FkYXZnIjogWzAuNzcsIDAuNjMsIDAuNTNdLCAic3dfaWRlbnQiOiAicHktY2VsZXJ5IiwgInN3X3ZlciI6ICI1LjYuMiIsICJzd19zeXMiOiAiTGludXgiLCAidGltZXN0YW1wIjogMTc3MDY0MTMyMi40ODgxNTk0LCAidHlwZSI6ICJ3b3JrZXItaGVhcnRiZWF0In0=\"", \""content-encoding\"": \""utf-8\"", \""content-type\"": \""application/json\"", \""headers\"": {\""hostname\"": \""celery@rocky\""}, \""properties\"": {\""delivery_mode\"": 1, \""delivery_info\"": {\""exchange\"": \""celeryev\"", \""routing_key\"": \""worker.heartbeat\""}, \""priority\"": 0, \""body_encoding\"": \""base64\"", \""delivery_tag\"": \""01bbcd6f-d844-4639-bb8d-3158caa5b3eb\""}}"""
"18:48:42.781","[0 54.38.154.44:38296]","BRPOP","""celery"" ""celery\x06\x163"" ""celery\x06\x166"" ""celery\x06\x169"" ""1"""
"18:48:43.310","[0 103.187.94.136:47526]","BRPOP","""celery"" ""celery\x06\x163"" ""celery\x06\x166"" ""celery\x06\x169"" ""1"""
"18:48:43.670","[0 54.38.154.44:38324]","PUBLISH","""/0.celeryev/worker.heartbeat"" ""{\""body\"": \""eyJob3N0bmFtZSI6ICJjZWxlcnlANjY4YzQ3YTYiLCAidXRjb2Zmc2V0IjogMCwgInBpZCI6IDUsICJjbG9jayI6IDI1MzgsICJmcmVxIjogMi4wLCAiYWN0aXZlIjogMCwgInByb2Nlc3NlZCI6IDAsICJsb2FkYXZnIjogWzAuMDYsIDAuMDMsIDAuMDFdLCAic3dfaWRlbnQiOiAicHktY2VsZXJ5IiwgInN3X3ZlciI6ICI1LjYuMiIsICJzd19zeXMiOiAiTGludXgiLCAidGltZXN0YW1wIjogMTc3MDY0MTMyMy40MDk4NTEsICJ0eXBlIjogIndvcmtlci1oZWFydGJlYXQifQ==\"", \""content-encoding\"": \""utf-8\"", \""content-type\"": \""application/json\"", \""headers\"": {\""hostname\"": \""celery@668c47a6\""}, \""properties\"": {\""delivery_mode\"": 1, \""delivery_info\"": {\""exchange\"": \""celeryev\"", \""routing_key\"": \""worker.heartbeat\""}, \""priority\"": 0, \""body_encoding\"": \""base64\"", \""delivery_tag\"": \""f62909c0-9509-4983-b13e-5e4a03022bda\""}}"""
"18:48:44.086","[0 54.38.154.44:38296]","BRPOP","""celery"" ""celery\x06\x163"" ""celery\x06\x166"" ""celery\x06\x169"" ""1"""
"18:48:44.853","[0 103.187.94.136:47526]","BRPOP","""celery"" ""celery\x06\x163"" ""celery\x06\x166"" ""celery\x06\x169"" ""1"""
"18:48:45.103","[0 103.187.94.140:45232]","PUBLISH","""/0.celeryev/worker.heartbeat"" ""{\""body\"": \""eyJob3N0bmFtZSI6ICJjZWxlcnlAcm9ja3kiLCAidXRjb2Zmc2V0IjogMCwgInBpZCI6IDgzMTAsICJjbG9jayI6IDI1NDAsICJmcmVxIjogMi4wLCAiYWN0aXZlIjogMCwgInByb2Nlc3NlZCI6IDAsICJsb2FkYXZnIjogWzAuNzcsIDAuNjMsIDAuNTNdLCAic3dfaWRlbnQiOiAicHktY2VsZXJ5IiwgInN3X3ZlciI6ICI1LjYuMiIsICJzd19zeXMiOiAiTGludXgiLCAidGltZXN0YW1wIjogMTc3MDY0MTMyNC44MjIzODEzLCAidHlwZSI6ICJ3b3JrZXItaGVhcnRiZWF0In0=\"", \""content-encoding\"": \""utf-8\"", \""content-type\"": \""application/json\"", \""headers\"": {\""hostname\"": \""celery@rocky\""}, \""properties\"": {\""delivery_mode\"": 1, \""delivery_info\"": {\""exchange\"": \""celeryev\"", \""routing_key\"": \""worker.heartbeat\""}, \""priority\"": 0, \""body_encoding\"": \""base64\"", \""delivery_tag\"": \""796696c4-4475-443e-aed3-dc9f4665acab\""}}"""
"18:48:45.392","[0 54.38.154.44:38296]","BRPOP","""celery"" ""celery\x06\x163"" ""celery\x06\x166"" ""celery\x06\x169"" ""1"""
"18:48:46.218","[0 54.38.154.44:38324]","PUBLISH","""/0.celeryev/worker.heartbeat"" ""{\""body\"": \""eyJob3N0bmFtZSI6ICJjZWxlcnlANjY4YzQ3YTYiLCAidXRjb2Zmc2V0IjogMCwgInBpZCI6IDUsICJjbG9jayI6IDI1NDIsICJmcmVxIjogMi4wLCAiYWN0aXZlIjogMCwgInByb2Nlc3NlZCI6IDAsICJsb2FkYXZnIjogWzAuMDUsIDAuMDMsIDAuMDFdLCAic3dfaWRlbnQiOiAicHktY2VsZXJ5IiwgInN3X3ZlciI6ICI1LjYuMiIsICJzd19zeXMiOiAiTGludXgiLCAidGltZXN0YW1wIjogMTc3MDY0MTMyNS45Mjk4ODU2LCAidHlwZSI6ICJ3b3JrZXItaGVhcnRiZWF0In0=\"", \""content-encoding\"": \""utf-8\"", \""content-type\"": \""application/json\"", \""headers\"": {\""hostname\"": \""celery@668c47a6\""}, \""properties\"": {\""delivery_mode\"": 1, \""delivery_info\"": {\""exchange\"": \""celeryev\"", \""routing_key\"": \""worker.heartbeat\""}, \""priority\"": 0, \""body_encoding\"": \""base64\"", \""delivery_tag\"": \""73742590-2c31-435b-a040-3d5868537826\""}}"""
"18:48:46.393","[0 103.187.94.136:47526]","BRPOP","""celery"" ""celery\x06\x163"" ""celery\x06\x166"" ""celery\x06\x169"" ""1"""
"18:48:46.697","[0 54.38.154.44:38296]","BRPOP","""celery"" ""celery\x06\x163"" ""celery\x06\x166"" ""celery\x06\x169"" ""1"""
"18:48:47.437","[0 103.187.94.140:45232]","PUBLISH","""/0.celeryev/worker.heartbeat"" ""{\""body\"": \""eyJob3N0bmFtZSI6ICJjZWxlcnlAcm9ja3kiLCAidXRjb2Zmc2V0IjogMCwgInBpZCI6IDgzMTAsICJjbG9jayI6IDI1NDQsICJmcmVxIjogMi4wLCAiYWN0aXZlIjogMCwgInByb2Nlc3NlZCI6IDAsICJsb2FkYXZnIjogWzAuNzksIDAuNjMsIDAuNTNdLCAic3dfaWRlbnQiOiAicHktY2VsZXJ5IiwgInN3X3ZlciI6ICI1LjYuMiIsICJzd19zeXMiOiAiTGludXgiLCAidGltZXN0YW1wIjogMTc3MDY0MTMyNy4xNTYxODg3LCAidHlwZSI6ICJ3b3JrZXItaGVhcnRiZWF0In0=\"", \""content-encoding\"": \""utf-8\"", \""content-type\"": \""application/json\"", \""headers\"": {\""hostname\"": \""celery@rocky\""}, \""properties\"": {\""delivery_mode\"": 1, \""delivery_info\"": {\""exchange\"": \""celeryev\"", \""routing_key\"": \""worker.heartbeat\""}, \""priority\"": 0, \""body_encoding\"": \""base64\"", \""delivery_tag\"": \""a487f993-2229-4221-bbc9-29872d818c2d\""}}"""
"18:48:47.924","[0 103.187.94.136:47526]","BRPOP","""celery"" ""celery\x06\x163"" ""celery\x06\x166"" ""celery\x06\x169"" ""1"""
"18:48:48.004","[0 54.38.154.44:38296]","BRPOP","""celery"" ""celery\x06\x163"" ""celery\x06\x166"" ""celery\x06\x169"" ""1"""
"18:48:48.738","[0 54.38.154.44:38324]","PUBLISH","""/0.celeryev/worker.heartbeat"" ""{\""body\"": \""eyJob3N0bmFtZSI6ICJjZWxlcnlANjY4YzQ3YTYiLCAidXRjb2Zmc2V0IjogMCwgInBpZCI6IDUsICJjbG9jayI6IDI1NDYsICJmcmVxIjogMi4wLCAiYWN0aXZlIjogMCwgInByb2Nlc3NlZCI6IDAsICJsb2FkYXZnIjogWzAuMDUsIDAuMDMsIDAuMDFdLCAic3dfaWRlbnQiOiAicHktY2VsZXJ5IiwgInN3X3ZlciI6ICI1LjYuMiIsICJzd19zeXMiOiAiTGludXgiLCAidGltZXN0YW1wIjogMTc3MDY0MTMyOC40ODAxNTMsICJ0eXBlIjogIndvcmtlci1oZWFydGJlYXQifQ==\"", \""content-encoding\"": \""utf-8\"", \""content-type\"": \""application/json\"", \""headers\"": {\""hostname\"": \""celery@668c47a6\""}, \""properties\"": {\""delivery_mode\"": 1, \""delivery_info\"": {\""exchange\"": \""celeryev\"", \""routing_key\"": \""worker.heartbeat\""}, \""priority\"": 0, \""body_encoding\"": \""base64\"", \""delivery_tag\"": \""387f353c-884e-4c2f-897c-d4cab5328e4b\""}}"""
"18:48:49.309","[0 54.38.154.44:38296]","BRPOP","""celery"" ""celery\x06\x163"" ""celery\x06\x166"" ""celery\x06\x169"" ""1"""
"18:48:49.463","[0 103.187.94.136:47526]","BRPOP","""celery"" ""celery\x06\x163"" ""celery\x06\x166"" ""celery\x06\x169"" ""1"""
"18:48:49.771","[0 103.187.94.140:45232]","PUBLISH","""/0.celeryev/worker.heartbeat"" ""{\""body\"": \""eyJob3N0bmFtZSI6ICJjZWxlcnlAcm9ja3kiLCAidXRjb2Zmc2V0IjogMCwgInBpZCI6IDgzMTAsICJjbG9jayI6IDI1NDgsICJmcmVxIjogMi4wLCAiYWN0aXZlIjogMCwgInByb2Nlc3NlZCI6IDAsICJsb2FkYXZnIjogWzAuNzksIDAuNjMsIDAuNTNdLCAic3dfaWRlbnQiOiAicHktY2VsZXJ5IiwgInN3X3ZlciI6ICI1LjYuMiIsICJzd19zeXMiOiAiTGludXgiLCAidGltZXN0YW1wIjogMTc3MDY0MTMyOS40OTAxODk4LCAidHlwZSI6ICJ3b3JrZXItaGVhcnRiZWF0In0=\"", \""content-encoding\"": \""utf-8\"", \""content-type\"": \""application/json\"", \""headers\"": {\""hostname\"": \""celery@rocky\""}, \""properties\"": {\""delivery_mode\"": 1, \""delivery_info\"": {\""exchange\"": \""celeryev\"", \""routing_key\"": \""worker.heartbeat\""}, \""priority\"": 0, \""body_encoding\"": \""base64\"", \""delivery_tag\"": \""9d579292-778a-433e-9483-841530ecc342\""}}"""
"18:48:50.612","[0 54.38.154.44:38296]","BRPOP","""celery"" ""celery\x06\x163"" ""celery\x06\x166"" ""celery\x06\x169"" ""1"""
"18:48:50.997","[0 103.187.94.136:47526]","BRPOP","""celery"" ""celery\x06\x163"" ""celery\x06\x166"" ""celery\x06\x169"" ""1"""
"18:48:51.259","[0 54.38.154.44:38324]","PUBLISH","""/0.celeryev/worker.heartbeat"" ""{\""body\"": \""eyJob3N0bmFtZSI6ICJjZWxlcnlANjY4YzQ3YTYiLCAidXRjb2Zmc2V0IjogMCwgInBpZCI6IDUsICJjbG9jayI6IDI1NTAsICJmcmVxIjogMi4wLCAiYWN0aXZlIjogMCwgInByb2Nlc3NlZCI6IDAsICJsb2FkYXZnIjogWzAuMDUsIDAuMDMsIDAuMDFdLCAic3dfaWRlbnQiOiAicHktY2VsZXJ5IiwgInN3X3ZlciI6ICI1LjYuMiIsICJzd19zeXMiOiAiTGludXgiLCAidGltZXN0YW1wIjogMTc3MDY0MTMzMS4wMDA2MTgsICJ0eXBlIjogIndvcmtlci1oZWFydGJlYXQifQ==\"", \""content-encoding\"": \""utf-8\"", \""content-type\"": \""application/json\"", \""headers\"": {\""hostname\"": \""celery@668c47a6\""}, \""properties\"": {\""delivery_mode\"": 1, \""delivery_info\"": {\""exchange\"": \""celeryev\"", \""routing_key\"": \""worker.heartbeat\""}, \""priority\"": 0, \""body_encoding\"": \""base64\"", \""delivery_tag\"": \""e07f388b-2f21-4737-bc3e-e539a637cbc4\""}}"""
"18:48:51.919","[0 54.38.154.44:38296]","BRPOP","""celery"" ""celery\x06\x163"" ""celery\x06\x166"" ""celery\x06\x169"" ""1"""
"18:48:52.094","[0 103.187.94.140:45232]","PUBLISH","""/0.celeryev/worker.heartbeat"" ""{\""body\"": \""eyJob3N0bmFtZSI6ICJjZWxlcnlAcm9ja3kiLCAidXRjb2Zmc2V0IjogMCwgInBpZCI6IDgzMTAsICJjbG9jayI6IDI1NTIsICJmcmVxIjogMi4wLCAiYWN0aXZlIjogMCwgInByb2Nlc3NlZCI6IDAsICJsb2FkYXZnIjogWzAuOCwgMC42NCwgMC41M10sICJzd19pZGVudCI6ICJweS1jZWxlcnkiLCAic3dfdmVyIjogIjUuNi4yIiwgInN3X3N5cyI6ICJMaW51eCIsICJ0aW1lc3RhbXAiOiAxNzcwNjQxMzMxLjgyMzIyODEsICJ0eXBlIjogIndvcmtlci1oZWFydGJlYXQifQ==\"", \""content-encoding\"": \""utf-8\"", \""content-type\"": \""application/json\"", \""headers\"": {\""hostname\"": \""celery@rocky\""}, \""properties\"": {\""delivery_mode\"": 1, \""delivery_info\"": {\""exchange\"": \""celeryev\"", \""routing_key\"": \""worker.heartbeat\""}, \""priority\"": 0, \""body_encoding\"": \""base64\"", \""delivery_tag\"": \""27664c62-9477-411c-9138-022fd60b10f9\""}}"""
"18:48:52.536","[0 103.187.94.136:47526]","BRPOP","""celery"" ""celery\x06\x163"" ""celery\x06\x166"" ""celery\x06\x169"" ""1"""
"18:48:53.222","[0 54.38.154.44:38296]","BRPOP","""celery"" ""celery\x06\x163"" ""celery\x06\x166"" ""celery\x06\x169"" ""1"""
"18:48:53.776","[0 54.38.154.44:38324]","PUBLISH","""/0.celeryev/worker.heartbeat"" ""{\""body\"": \""eyJob3N0bmFtZSI6ICJjZWxlcnlANjY4YzQ3YTYiLCAidXRjb2Zmc2V0IjogMCwgInBpZCI6IDUsICJjbG9jayI6IDI1NTQsICJmcmVxIjogMi4wLCAiYWN0aXZlIjogMCwgInByb2Nlc3NlZCI6IDAsICJsb2FkYXZnIjogWzAuMDUsIDAuMDMsIDAuMDFdLCAic3dfaWRlbnQiOiAicHktY2VsZXJ5IiwgInN3X3ZlciI6ICI1LjYuMiIsICJzd19zeXMiOiAiTGludXgiLCAidGltZXN0YW1wIjogMTc3MDY0MTMzMy41MjExMjAzLCAidHlwZSI6ICJ3b3JrZXItaGVhcnRiZWF0In0=\"", \""content-encoding\"": \""utf-8\"", \""content-type\"": \""application/json\"", \""headers\"": {\""hostname\"": \""celery@668c47a6\""}, \""properties\"": {\""delivery_mode\"": 1, \""delivery_info\"": {\""exchange\"": \""celeryev\"", \""routing_key\"": \""worker.heartbeat\""}, \""priority\"": 0, \""body_encoding\"": \""base64\"", \""delivery_tag\"": \""6a641af9-cc35-4ac1-af87-734f42d7692f\""}}"""
"18:48:54.075","[0 103.187.94.136:47526]","BRPOP","""celery"" ""celery\x06\x163"" ""celery\x06\x166"" ""celery\x06\x169"" ""1"""
"18:48:54.428","[0 103.187.94.140:45232]","PUBLISH","""/0.celeryev/worker.heartbeat"" ""{\""body\"": \""eyJob3N0bmFtZSI6ICJjZWxlcnlAcm9ja3kiLCAidXRjb2Zmc2V0IjogMCwgInBpZCI6IDgzMTAsICJjbG9jayI6IDI1NTYsICJmcmVxIjogMi4wLCAiYWN0aXZlIjogMCwgInByb2Nlc3NlZCI6IDAsICJsb2FkYXZnIjogWzAuOCwgMC42NCwgMC41M10sICJzd19pZGVudCI6ICJweS1jZWxlcnkiLCAic3dfdmVyIjogIjUuNi4yIiwgInN3X3N5cyI6ICJMaW51eCIsICJ0aW1lc3RhbXAiOiAxNzcwNjQxMzM0LjE0NzIwMTUsICJ0eXBlIjogIndvcmtlci1oZWFydGJlYXQifQ==\"", \""content-encoding\"": \""utf-8\"", \""content-type\"": \""application/json\"", \""headers\"": {\""hostname\"": \""celery@rocky\""}, \""properties\"": {\""delivery_mode\"": 1, \""delivery_info\"": {\""exchange\"": \""celeryev\"", \""routing_key\"": \""worker.heartbeat\""}, \""priority\"": 0, \""body_encoding\"": \""base64\"", \""delivery_tag\"": \""a12e4a07-25f8-4159-91e4-7a2d0b365070\""}}"""
"18:48:54.530","[0 54.38.154.44:38296]","BRPOP","""celery"" ""celery\x06\x163"" ""celery\x06\x166"" ""celery\x06\x169"" ""1"""
"18:48:55.642","[0 103.187.94.136:47526]","BRPOP","""celery"" ""celery\x06\x163"" ""celery\x06\x166"" ""celery\x06\x169"" ""1"""
"18:48:55.834","[0 54.38.154.44:38296]","BRPOP","""celery"" ""celery\x06\x163"" ""celery\x06\x166"" ""celery\x06\x169"" ""1"""
"18:48:56.292","[0 54.38.154.44:38324]","PUBLISH","""/0.celeryev/worker.heartbeat"" ""{\""body\"": \""eyJob3N0bmFtZSI6ICJjZWxlcnlANjY4YzQ3YTYiLCAidXRjb2Zmc2V0IjogMCwgInBpZCI6IDUsICJjbG9jayI6IDI1NTgsICJmcmVxIjogMi4wLCAiYWN0aXZlIjogMCwgInByb2Nlc3NlZCI6IDAsICJsb2FkYXZnIjogWzAuMDQsIDAuMDMsIDAuMDFdLCAic3dfaWRlbnQiOiAicHktY2VsZXJ5IiwgInN3X3ZlciI6ICI1LjYuMiIsICJzd19zeXMiOiAiTGludXgiLCAidGltZXN0YW1wIjogMTc3MDY0MTMzNi4wMzcxMzI3LCAidHlwZSI6ICJ3b3JrZXItaGVhcnRiZWF0In0=\"", \""content-encoding\"": \""utf-8\"", \""content-type\"": \""application/json\"", \""headers\"": {\""hostname\"": \""celery@668c47a6\""}, \""properties\"": {\""delivery_mode\"": 1, \""delivery_info\"": {\""exchange\"": \""celeryev\"", \""routing_key\"": \""worker.heartbeat\""}, \""priority\"": 0, \""body_encoding\"": \""base64\"", \""delivery_tag\"": \""85fc84f2-27a3-43fb-acae-1fa9ed8bf771\""}}"""
"18:48:56.750","[0 103.187.94.140:45232]","PUBLISH","""/0.celeryev/worker.heartbeat"" ""{\""body\"": \""eyJob3N0bmFtZSI6ICJjZWxlcnlAcm9ja3kiLCAidXRjb2Zmc2V0IjogMCwgInBpZCI6IDgzMTAsICJjbG9jayI6IDI1NjAsICJmcmVxIjogMi4wLCAiYWN0aXZlIjogMCwgInByb2Nlc3NlZCI6IDAsICJsb2FkYXZnIjogWzAuNzQsIDAuNjMsIDAuNTNdLCAic3dfaWRlbnQiOiAicHktY2VsZXJ5IiwgInN3X3ZlciI6ICI1LjYuMiIsICJzd19zeXMiOiAiTGludXgiLCAidGltZXN0YW1wIjogMTc3MDY0MTMzNi40Nzk4MTQsICJ0eXBlIjogIndvcmtlci1oZWFydGJlYXQifQ==\"", \""content-encoding\"": \""utf-8\"", \""content-type\"": \""application/json\"", \""headers\"": {\""hostname\"": \""celery@rocky\""}, \""properties\"": {\""delivery_mode\"": 1, \""delivery_info\"": {\""exchange\"": \""celeryev\"", \""routing_key\"": \""worker.heartbeat\""}, \""priority\"": 0, \""body_encoding\"": \""base64\"", \""delivery_tag\"": \""e83d9b52-6cf0-4a9c-89c6-6a936a26c7ac\""}}"""
"18:48:57.180","[0 103.187.94.136:47526]","BRPOP","""celery"" ""celery\x06\x163"" ""celery\x06\x166"" ""celery\x06\x169"" ""1"""
"18:48:57.598","[0 54.38.154.44:38296]","BRPOP","""celery"" ""celery\x06\x163"" ""celery\x06\x166"" ""celery\x06\x169"" ""1"""
"18:48:58.714","[0 103.187.94.136:47526]","BRPOP","""celery"" ""celery\x06\x163"" ""celery\x06\x166"" ""celery\x06\x169"" ""1"""
"18:48:58.808","[0 54.38.154.44:38324]","PUBLISH","""/0.celeryev/worker.heartbeat"" ""{\""body\"": \""eyJob3N0bmFtZSI6ICJjZWxlcnlANjY4YzQ3YTYiLCAidXRjb2Zmc2V0IjogMCwgInBpZCI6IDUsICJjbG9jayI6IDI1NjIsICJmcmVxIjogMi4wLCAiYWN0aXZlIjogMCwgInByb2Nlc3NlZCI6IDAsICJsb2FkYXZnIjogWzAuMDQsIDAuMDMsIDAuMDFdLCAic3dfaWRlbnQiOiAicHktY2VsZXJ5IiwgInN3X3ZlciI6ICI1LjYuMiIsICJzd19zeXMiOiAiTGludXgiLCAidGltZXN0YW1wIjogMTc3MDY0MTMzOC41NTMxMjgyLCAidHlwZSI6ICJ3b3JrZXItaGVhcnRiZWF0In0=\"", \""content-encoding\"": \""utf-8\"", \""content-type\"": \""application/json\"", \""headers\"": {\""hostname\"": \""celery@668c47a6\""}, \""properties\"": {\""delivery_mode\"": 1, \""delivery_info\"": {\""exchange\"": \""celeryev\"", \""routing_key\"": \""worker.heartbeat\""}, \""priority\"": 0, \""body_encoding\"": \""base64\"", \""delivery_tag\"": \""4b363077-2862-4e93-bdee-fec8d10751b2\""}}"""
"18:48:58.904","[0 54.38.154.44:38296]","BRPOP","""celery"" ""celery\x06\x163"" ""celery\x06\x166"" ""celery\x06\x169"" ""1"""
"18:48:59.084","[0 103.187.94.140:45232]","PUBLISH","""/0.celeryev/worker.heartbeat"" ""{\""body\"": \""eyJob3N0bmFtZSI6ICJjZWxlcnlAcm9ja3kiLCAidXRjb2Zmc2V0IjogMCwgInBpZCI6IDgzMTAsICJjbG9jayI6IDI1NjQsICJmcmVxIjogMi4wLCAiYWN0aXZlIjogMCwgInByb2Nlc3NlZCI6IDAsICJsb2FkYXZnIjogWzAuNzQsIDAuNjMsIDAuNTNdLCAic3dfaWRlbnQiOiAicHktY2VsZXJ5IiwgInN3X3ZlciI6ICI1LjYuMiIsICJzd19zeXMiOiAiTGludXgiLCAidGltZXN0YW1wIjogMTc3MDY0MTMzOC44MDMxMzM1LCAidHlwZSI6ICJ3b3JrZXItaGVhcnRiZWF0In0=\"", \""content-encoding\"": \""utf-8\"", \""content-type\"": \""application/json\"", \""headers\"": {\""hostname\"": \""celery@rocky\""}, \""properties\"": {\""delivery_mode\"": 1, \""delivery_info\"": {\""exchange\"": \""celeryev\"", \""routing_key\"": \""worker.heartbeat\""}, \""priority\"": 0, \""body_encoding\"": \""base64\"", \""delivery_tag\"": \""c95483f7-b646-47c5-bdfc-fbf2220ccb6d\""}}"""
"18:49:00.210","[0 54.38.154.44:38296]","BRPOP","""celery"" ""celery\x06\x163"" ""celery\x06\x166"" ""celery\x06\x169"" ""1"""
"18:49:00.299","[0 103.187.94.136:47526]","BRPOP","""celery"" ""celery\x06\x163"" ""celery\x06\x166"" ""celery\x06\x169"" ""1"""
"18:49:01.417","[0 103.187.94.140:45232]","PUBLISH","""/0.celeryev/worker.heartbeat"" ""{\""body\"": \""eyJob3N0bmFtZSI6ICJjZWxlcnlAcm9ja3kiLCAidXRjb2Zmc2V0IjogMCwgInBpZCI6IDgzMTAsICJjbG9jayI6IDI1NjYsICJmcmVxIjogMi4wLCAiYWN0aXZlIjogMCwgInByb2Nlc3NlZCI6IDAsICJsb2FkYXZnIjogWzAuNjgsIDAuNjIsIDAuNTNdLCAic3dfaWRlbnQiOiAicHktY2VsZXJ5IiwgInN3X3ZlciI6ICI1LjYuMiIsICJzd19zeXMiOiAiTGludXgiLCAidGltZXN0YW1wIjogMTc3MDY0MTM0MS4xMzY0MTA3LCAidHlwZSI6ICJ3b3JrZXItaGVhcnRiZWF0In0=\"", \""content-encoding\"": \""utf-8\"", \""content-type\"": \""application/json\"", \""headers\"": {\""hostname\"": \""celery@rocky\""}, \""properties\"": {\""delivery_mode\"": 1, \""delivery_info\"": {\""exchange\"": \""celeryev\"", \""routing_key\"": \""worker.heartbeat\""}, \""priority\"": 0, \""body_encoding\"": \""base64\"", \""delivery_tag\"": \""bfb909a5-c138-420a-a660-b3185b6d87ff\""}}"""
"18:49:01.326","[0 54.38.154.44:38324]","PUBLISH","""/0.celeryev/worker.heartbeat"" ""{\""body\"": \""eyJob3N0bmFtZSI6ICJjZWxlcnlANjY4YzQ3YTYiLCAidXRjb2Zmc2V0IjogMCwgInBpZCI6IDUsICJjbG9jayI6IDI1NjYsICJmcmVxIjogMi4wLCAiYWN0aXZlIjogMCwgInByb2Nlc3NlZCI6IDAsICJsb2FkYXZnIjogWzAuMDQsIDAuMDMsIDAuMDFdLCAic3dfaWRlbnQiOiAicHktY2VsZXJ5IiwgInN3X3ZlciI6ICI1LjYuMiIsICJzd19zeXMiOiAiTGludXgiLCAidGltZXN0YW1wIjogMTc3MDY0MTM0MS4wNjYwMDMsICJ0eXBlIjogIndvcmtlci1oZWFydGJlYXQifQ==\"", \""content-encoding\"": \""utf-8\"", \""content-type\"": \""application/json\"", \""headers\"": {\""hostname\"": \""celery@668c47a6\""}, \""properties\"": {\""delivery_mode\"": 1, \""delivery_info\"": {\""exchange\"": \""celeryev\"", \""routing_key\"": \""worker.heartbeat\""}, \""priority\"": 0, \""body_encoding\"": \""base64\"", \""delivery_tag\"": \""d98fc0bd-87e6-40d6-a2f8-4524bb1a267e\""}}"""
"18:49:01.518","[0 54.38.154.44:38296]","BRPOP","""celery"" ""celery\x06\x163"" ""celery\x06\x166"" ""celery\x06\x169"" ""1"""
"18:49:01.833","[0 103.187.94.136:47526]","BRPOP","""celery"" ""celery\x06\x163"" ""celery\x06\x166"" ""celery\x06\x169"" ""1"""
"18:49:02.826","[0 54.38.154.44:38296]","BRPOP","""celery"" ""celery\x06\x163"" ""celery\x06\x166"" ""celery\x06\x169"" ""1"""
"18:49:03.367","[0 103.187.94.136:47526]","BRPOP","""celery"" ""celery\x06\x163"" ""celery\x06\x166"" ""celery\x06\x169"" ""1"""
"18:49:03.741","[0 103.187.94.140:45232]","PUBLISH","""/0.celeryev/worker.heartbeat"" ""{\""body\"": \""eyJob3N0bmFtZSI6ICJjZWxlcnlAcm9ja3kiLCAidXRjb2Zmc2V0IjogMCwgInBpZCI6IDgzMTAsICJjbG9jayI6IDI1NjksICJmcmVxIjogMi4wLCAiYWN0aXZlIjogMCwgInByb2Nlc3NlZCI6IDAsICJsb2FkYXZnIjogWzAuNjgsIDAuNjIsIDAuNTNdLCAic3dfaWRlbnQiOiAicHktY2VsZXJ5IiwgInN3X3ZlciI6ICI1LjYuMiIsICJzd19zeXMiOiAiTGludXgiLCAidGltZXN0YW1wIjogMTc3MDY0MTM0My40NzA2NTc4LCAidHlwZSI6ICJ3b3JrZXItaGVhcnRiZWF0In0=\"", \""content-encoding\"": \""utf-8\"", \""content-type\"": \""application/json\"", \""headers\"": {\""hostname\"": \""celery@rocky\""}, \""properties\"": {\""delivery_mode\"": 1, \""delivery_info\"": {\""exchange\"": \""celeryev\"", \""routing_key\"": \""worker.heartbeat\""}, \""priority\"": 0, \""body_encoding\"": \""base64\"", \""delivery_tag\"": \""c56607f5-d20c-41c3-a47b-08a3d2412fd6\""}}"""
"18:49:03.842","[0 54.38.154.44:38324]","PUBLISH","""/0.celeryev/worker.heartbeat"" ""{\""body\"": \""eyJob3N0bmFtZSI6ICJjZWxlcnlANjY4YzQ3YTYiLCAidXRjb2Zmc2V0IjogMCwgInBpZCI6IDUsICJjbG9jayI6IDI1NjksICJmcmVxIjogMi4wLCAiYWN0aXZlIjogMCwgInByb2Nlc3NlZCI6IDAsICJsb2FkYXZnIjogWzAuMDQsIDAuMDMsIDAuMDFdLCAic3dfaWRlbnQiOiAicHktY2VsZXJ5IiwgInN3X3ZlciI6ICI1LjYuMiIsICJzd19zeXMiOiAiTGludXgiLCAidGltZXN0YW1wIjogMTc3MDY0MTM0My41ODQzMzgyLCAidHlwZSI6ICJ3b3JrZXItaGVhcnRiZWF0In0=\"", \""content-encoding\"": \""utf-8\"", \""content-type\"": \""application/json\"", \""headers\"": {\""hostname\"": \""celery@668c47a6\""}, \""properties\"": {\""delivery_mode\"": 1, \""delivery_info\"": {\""exchange\"": \""celeryev\"", \""routing_key\"": \""worker.heartbeat\""}, \""priority\"": 0, \""body_encoding\"": \""base64\"", \""delivery_tag\"": \""7c6aa21e-dfec-4aa3-a872-50f13ed8ac0f\""}}"""
"18:49:04.134","[0 54.38.154.44:38296]","BRPOP","""celery"" ""celery\x06\x163"" ""celery\x06\x166"" ""celery\x06\x169"" ""1"""
"18:49:04.958","[0 103.187.94.136:47526]","BRPOP","""celery"" ""celery\x06\x163"" ""celery\x06\x166"" ""celery\x06\x169"" ""1"""
"18:49:05.437","[0 54.38.154.44:38296]","BRPOP","""celery"" ""celery\x06\x163"" ""celery\x06\x166"" ""celery\x06\x169"" ""1"""
"18:49:06.075","[0 103.187.94.140:45232]","PUBLISH","""/0.celeryev/worker.heartbeat"" ""{\""body\"": \""eyJob3N0bmFtZSI6ICJjZWxlcnlAcm9ja3kiLCAidXRjb2Zmc2V0IjogMCwgInBpZCI6IDgzMTAsICJjbG9jayI6IDI1NzIsICJmcmVxIjogMi4wLCAiYWN0aXZlIjogMCwgInByb2Nlc3NlZCI6IDAsICJsb2FkYXZnIjogWzAuNjMsIDAuNjEsIDAuNTNdLCAic3dfaWRlbnQiOiAicHktY2VsZXJ5IiwgInN3X3ZlciI6ICI1LjYuMiIsICJzd19zeXMiOiAiTGludXgiLCAidGltZXN0YW1wIjogMTc3MDY0MTM0NS43OTQyMDczLCAidHlwZSI6ICJ3b3JrZXItaGVhcnRiZWF0In0=\"", \""content-encoding\"": \""utf-8\"", \""content-type\"": \""application/json\"", \""headers\"": {\""hostname\"": \""celery@rocky\""}, \""properties\"": {\""delivery_mode\"": 1, \""delivery_info\"": {\""exchange\"": \""celeryev\"", \""routing_key\"": \""worker.heartbeat\""}, \""priority\"": 0, \""body_encoding\"": \""base64\"", \""delivery_tag\"": \""9242d623-7f36-439b-a521-d03465ada3e3\""}}"""
"18:49:06.360","[0 54.38.154.44:38324]","PUBLISH","""/0.celeryev/worker.heartbeat"" ""{\""body\"": \""eyJob3N0bmFtZSI6ICJjZWxlcnlANjY4YzQ3YTYiLCAidXRjb2Zmc2V0IjogMCwgInBpZCI6IDUsICJjbG9jayI6IDI1NzQsICJmcmVxIjogMi4wLCAiYWN0aXZlIjogMCwgInByb2Nlc3NlZCI6IDAsICJsb2FkYXZnIjogWzAuMDQsIDAuMDMsIDAuMDFdLCAic3dfaWRlbnQiOiAicHktY2VsZXJ5IiwgInN3X3ZlciI6ICI1LjYuMiIsICJzd19zeXMiOiAiTGludXgiLCAidGltZXN0YW1wIjogMTc3MDY0MTM0Ni4xMDQ5ODk4LCAidHlwZSI6ICJ3b3JrZXItaGVhcnRiZWF0In0=\"", \""content-encoding\"": \""utf-8\"", \""content-type\"": \""application/json\"", \""headers\"": {\""hostname\"": \""celery@668c47a6\""}, \""properties\"": {\""delivery_mode\"": 1, \""delivery_info\"": {\""exchange\"": \""celeryev\"", \""routing_key\"": \""worker.heartbeat\""}, \""priority\"": 0, \""body_encoding\"": \""base64\"", \""delivery_tag\"": \""a888e80c-248a-4a17-b91f-58d38aa9b72c\""}}"""
"18:49:06.502","[0 103.187.94.136:47526]","BRPOP","""celery"" ""celery\x06\x163"" ""celery\x06\x166"" ""celery\x06\x169"" ""1"""
"18:49:06.744","[0 54.38.154.44:38296]","BRPOP","""celery"" ""celery\x06\x163"" ""celery\x06\x166"" ""celery\x06\x169"" ""1"""
"18:49:08.050","[0 54.38.154.44:38296]","BRPOP","""celery"" ""celery\x06\x163"" ""celery\x06\x166"" ""celery\x06\x169"" ""1"""
"18:49:08.048","[0 103.187.94.136:47526]","BRPOP","""celery"" ""celery\x06\x163"" ""celery\x06\x166"" ""celery\x06\x169"" ""1"""
"18:49:08.409","[0 103.187.94.140:45232]","PUBLISH","""/0.celeryev/worker.heartbeat"" ""{\""body\"": \""eyJob3N0bmFtZSI6ICJjZWxlcnlAcm9ja3kiLCAidXRjb2Zmc2V0IjogMCwgInBpZCI6IDgzMTAsICJjbG9jayI6IDI1NzYsICJmcmVxIjogMi4wLCAiYWN0aXZlIjogMCwgInByb2Nlc3NlZCI6IDAsICJsb2FkYXZnIjogWzAuNjMsIDAuNjEsIDAuNTNdLCAic3dfaWRlbnQiOiAicHktY2VsZXJ5IiwgInN3X3ZlciI6ICI1LjYuMiIsICJzd19zeXMiOiAiTGludXgiLCAidGltZXN0YW1wIjogMTc3MDY0MTM0OC4xMjg4MzA0LCAidHlwZSI6ICJ3b3JrZXItaGVhcnRiZWF0In0=\"", \""content-encoding\"": \""utf-8\"", \""content-type\"": \""application/json\"", \""headers\"": {\""hostname\"": \""celery@rocky\""}, \""properties\"": {\""delivery_mode\"": 1, \""delivery_info\"": {\""exchange\"": \""celeryev\"", \""routing_key\"": \""worker.heartbeat\""}, \""priority\"": 0, \""body_encoding\"": \""base64\"", \""delivery_tag\"": \""94dfbd2c-b00e-41af-b53b-c092e12c61d1\""}}"""
"18:49:08.878","[0 54.38.154.44:38324]","PUBLISH","""/0.celeryev/worker.heartbeat"" ""{\""body\"": \""eyJob3N0bmFtZSI6ICJjZWxlcnlANjY4YzQ3YTYiLCAidXRjb2Zmc2V0IjogMCwgInBpZCI6IDUsICJjbG9jayI6IDI1NzgsICJmcmVxIjogMi4wLCAiYWN0aXZlIjogMCwgInByb2Nlc3NlZCI6IDAsICJsb2FkYXZnIjogWzAuMDQsIDAuMDMsIDAuMDFdLCAic3dfaWRlbnQiOiAicHktY2VsZXJ5IiwgInN3X3ZlciI6ICI1LjYuMiIsICJzd19zeXMiOiAiTGludXgiLCAidGltZXN0YW1wIjogMTc3MDY0MTM0OC42MTk3ODA1LCAidHlwZSI6ICJ3b3JrZXItaGVhcnRiZWF0In0=\"", \""content-encoding\"": \""utf-8\"", \""content-type\"": \""application/json\"", \""headers\"": {\""hostname\"": \""celery@668c47a6\""}, \""properties\"": {\""delivery_mode\"": 1, \""delivery_info\"": {\""exchange\"": \""celeryev\"", \""routing_key\"": \""worker.heartbeat\""}, \""priority\"": 0, \""body_encoding\"": \""base64\"", \""delivery_tag\"": \""7e60e64c-5560-4418-b99c-7a261e0de9f3\""}}"""
"18:49:09.186","[0 54.38.154.44:38308]","PING",""
"18:49:09.353","[0 54.38.154.44:38296]","BRPOP","""celery"" ""celery\x06\x163"" ""celery\x06\x166"" ""celery\x06\x169"" ""1"""
"18:49:09.492","[0 54.38.154.44:38308]","SET","""unacked_mutex"" ""b9e7e02005b511f19e9c7acef4fff269"" ""NX"" ""PX"" ""300000"""
"18:49:09.630","[0 103.187.94.136:47526]","BRPOP","""celery"" ""celery\x06\x163"" ""celery\x06\x166"" ""celery\x06\x169"" ""1"""
"18:49:09.794","[0 54.38.154.44:38308]","ZREVRANGEBYSCORE","""unacked_index"" ""1770637749.1395702"" ""0"" ""WITHSCORES"""
"18:49:10.101","[0 54.38.154.44:38308]","EVALSHA","""c3f8721cbb97f72bc19e972846bd7aaf91901658"" ""1"" ""unacked_mutex"" ""b9e7e02005b511f19e9c7acef4fff269"""
"18:49:10.309","[0 lua]","GET","""unacked_mutex"""
"18:49:10.521","[0 lua]","DEL","""unacked_mutex"""
"18:49:10.732","[0 103.187.94.140:45232]","PUBLISH","""/0.celeryev/worker.heartbeat"" ""{\""body\"": \""eyJob3N0bmFtZSI6ICJjZWxlcnlAcm9ja3kiLCAidXRjb2Zmc2V0IjogMCwgInBpZCI6IDgzMTAsICJjbG9jayI6IDI1ODAsICJmcmVxIjogMi4wLCAiYWN0aXZlIjogMCwgInByb2Nlc3NlZCI6IDAsICJsb2FkYXZnIjogWzAuNjMsIDAuNjEsIDAuNTNdLCAic3dfaWRlbnQiOiAicHktY2VsZXJ5IiwgInN3X3ZlciI6ICI1LjYuMiIsICJzd19zeXMiOiAiTGludXgiLCAidGltZXN0YW1wIjogMTc3MDY0MTM1MC40NjEyMTc2LCAidHlwZSI6ICJ3b3JrZXItaGVhcnRiZWF0In0=\"", \""content-encoding\"": \""utf-8\"", \""content-type\"": \""application/json\"", \""headers\"": {\""hostname\"": \""celery@rocky\""}, \""properties\"": {\""delivery_mode\"": 1, \""delivery_info\"": {\""exchange\"": \""celeryev\"", \""routing_key\"": \""worker.heartbeat\""}, \""priority\"": 0, \""body_encoding\"": \""base64\"", \""delivery_tag\"": \""6157589c-d84d-4e9f-81a0-c2b9c69b7a38\""}}"""
"18:49:11.398","[0 54.38.154.44:38324]","PUBLISH","""/0.celeryev/worker.heartbeat"" ""{\""body\"": \""eyJob3N0bmFtZSI6ICJjZWxlcnlANjY4YzQ3YTYiLCAidXRjb2Zmc2V0IjogMCwgInBpZCI6IDUsICJjbG9jayI6IDI1ODIsICJmcmVxIjogMi4wLCAiYWN0aXZlIjogMCwgInByb2Nlc3NlZCI6IDAsICJsb2FkYXZnIjogWzAuMDMsIDAuMDMsIDAuMDFdLCAic3dfaWRlbnQiOiAicHktY2VsZXJ5IiwgInN3X3ZlciI6ICI1LjYuMiIsICJzd19zeXMiOiAiTGludXgiLCAidGltZXN0YW1wIjogMTc3MDY0MTM1MS4xNDAxMzUsICJ0eXBlIjogIndvcmtlci1oZWFydGJlYXQifQ==\"", \""content-encoding\"": \""utf-8\"", \""content-type\"": \""application/json\"", \""headers\"": {\""hostname\"": \""celery@668c47a6\""}, \""properties\"": {\""delivery_mode\"": 1, \""delivery_info\"": {\""exchange\"": \""celeryev\"", \""routing_key\"": \""worker.heartbeat\""}, \""priority\"": 0, \""body_encoding\"": \""base64\"", \""delivery_tag\"": \""f70e393a-646a-41f4-97b3-2991629b59b2\""}}"""
"18:49:11.168","[0 103.187.94.136:47526]","BRPOP","""celery"" ""celery\x06\x163"" ""celery\x06\x166"" ""celery\x06\x169"" ""1"""
"18:49:11.840","[0 54.38.154.44:38296]","BRPOP","""celery"" ""celery\x06\x163"" ""celery\x06\x166"" ""celery\x06\x169"" ""1"""
"18:49:13.066","[0 103.187.94.140:45232]","PUBLISH","""/0.celeryev/worker.heartbeat"" ""{\""body\"": \""eyJob3N0bmFtZSI6ICJjZWxlcnlAcm9ja3kiLCAidXRjb2Zmc2V0IjogMCwgInBpZCI6IDgzMTAsICJjbG9jayI6IDI1ODQsICJmcmVxIjogMi4wLCAiYWN0aXZlIjogMCwgInByb2Nlc3NlZCI6IDAsICJsb2FkYXZnIjogWzAuNTgsIDAuNiwgMC41Ml0sICJzd19pZGVudCI6ICJweS1jZWxlcnkiLCAic3dfdmVyIjogIjUuNi4yIiwgInN3X3N5cyI6ICJMaW51eCIsICJ0aW1lc3RhbXAiOiAxNzcwNjQxMzUyLjc4NDU2NzYsICJ0eXBlIjogIndvcmtlci1oZWFydGJlYXQifQ==\"", \""content-encoding\"": \""utf-8\"", \""content-type\"": \""application/json\"", \""headers\"": {\""hostname\"": \""celery@rocky\""}, \""properties\"": {\""delivery_mode\"": 1, \""delivery_info\"": {\""exchange\"": \""celeryev\"", \""routing_key\"": \""worker.heartbeat\""}, \""priority\"": 0, \""body_encoding\"": \""base64\"", \""delivery_tag\"": \""07766827-53dd-4431-8fcf-99c009eeb607\""}}"""
"18:49:13.086","[0 103.187.94.136:47526]","BRPOP","""celery"" ""celery\x06\x163"" ""celery\x06\x166"" ""celery\x06\x169"" ""1"""
"18:49:13.143","[0 54.38.154.44:38296]","BRPOP","""celery"" ""celery\x06\x163"" ""celery\x06\x166"" ""celery\x06\x169"" ""1"""
"18:49:13.916","[0 54.38.154.44:38324]","PUBLISH","""/0.celeryev/worker.heartbeat"" ""{\""body\"": \""eyJob3N0bmFtZSI6ICJjZWxlcnlANjY4YzQ3YTYiLCAidXRjb2Zmc2V0IjogMCwgInBpZCI6IDUsICJjbG9jayI6IDI1ODYsICJmcmVxIjogMi4wLCAiYWN0aXZlIjogMCwgInByb2Nlc3NlZCI6IDAsICJsb2FkYXZnIjogWzAuMDMsIDAuMDMsIDAuMDFdLCAic3dfaWRlbnQiOiAicHktY2VsZXJ5IiwgInN3X3ZlciI6ICI1LjYuMiIsICJzd19zeXMiOiAiTGludXgiLCAidGltZXN0YW1wIjogMTc3MDY0MTM1My42NjA4NzY1LCAidHlwZSI6ICJ3b3JrZXItaGVhcnRiZWF0In0=\"", \""content-encoding\"": \""utf-8\"", \""content-type\"": \""application/json\"", \""headers\"": {\""hostname\"": \""celery@668c47a6\""}, \""properties\"": {\""delivery_mode\"": 1, \""delivery_info\"": {\""exchange\"": \""celeryev\"", \""routing_key\"": \""worker.heartbeat\""}, \""priority\"": 0, \""body_encoding\"": \""base64\"", \""delivery_tag\"": \""f99db150-5591-4eda-9121-f5cbbebf941a\""}}"""
"18:49:14.451","[0 54.38.154.44:38296]","BRPOP","""celery"" ""celery\x06\x163"" ""celery\x06\x166"" ""celery\x06\x169"" ""1"""
"18:49:14.621","[0 103.187.94.136:47526]","BRPOP","""celery"" ""celery\x06\x163"" ""celery\x06\x166"" ""celery\x06\x169"" ""1"""
"18:49:15.399","[0 103.187.94.140:45232]","PUBLISH","""/0.celeryev/worker.heartbeat"" ""{\""body\"": \""eyJob3N0bmFtZSI6ICJjZWxlcnlAcm9ja3kiLCAidXRjb2Zmc2V0IjogMCwgInBpZCI6IDgzMTAsICJjbG9jayI6IDI1ODgsICJmcmVxIjogMi4wLCAiYWN0aXZlIjogMCwgInByb2Nlc3NlZCI6IDAsICJsb2FkYXZnIjogWzAuNTgsIDAuNiwgMC41Ml0sICJzd19pZGVudCI6ICJweS1jZWxlcnkiLCAic3dfdmVyIjogIjUuNi4yIiwgInN3X3N5cyI6ICJMaW51eCIsICJ0aW1lc3RhbXAiOiAxNzcwNjQxMzU1LjExODE5OTgsICJ0eXBlIjogIndvcmtlci1oZWFydGJlYXQifQ==\"", \""content-encoding\"": \""utf-8\"", \""content-type\"": \""application/json\"", \""headers\"": {\""hostname\"": \""celery@rocky\""}, \""properties\"": {\""delivery_mode\"": 1, \""delivery_info\"": {\""exchange\"": \""celeryev\"", \""routing_key\"": \""worker.heartbeat\""}, \""priority\"": 0, \""body_encoding\"": \""base64\"", \""delivery_tag\"": \""6add2533-2f7b-4ced-9872-9d85e1662533\""}}"""
"18:49:15.759","[0 54.38.154.44:38296]","BRPOP","""celery"" ""celery\x06\x163"" ""celery\x06\x166"" ""celery\x06\x169"" ""1"""
"18:49:16.160","[0 103.187.94.136:47526]","BRPOP","""celery"" ""celery\x06\x163"" ""celery\x06\x166"" ""celery\x06\x169"" ""1"""
"18:49:16.431","[0 54.38.154.44:38324]","PUBLISH","""/0.celeryev/worker.heartbeat"" ""{\""body\"": \""eyJob3N0bmFtZSI6ICJjZWxlcnlANjY4YzQ3YTYiLCAidXRjb2Zmc2V0IjogMCwgInBpZCI6IDUsICJjbG9jayI6IDI1OTAsICJmcmVxIjogMi4wLCAiYWN0aXZlIjogMCwgInByb2Nlc3NlZCI6IDAsICJsb2FkYXZnIjogWzAuMDMsIDAuMDMsIDAuMDFdLCAic3dfaWRlbnQiOiAicHktY2VsZXJ5IiwgInN3X3ZlciI6ICI1LjYuMiIsICJzd19zeXMiOiAiTGludXgiLCAidGltZXN0YW1wIjogMTc3MDY0MTM1Ni4xNzY1MTUzLCAidHlwZSI6ICJ3b3JrZXItaGVhcnRiZWF0In0=\"", \""content-encoding\"": \""utf-8\"", \""content-type\"": \""application/json\"", \""headers\"": {\""hostname\"": \""celery@668c47a6\""}, \""properties\"": {\""delivery_mode\"": 1, \""delivery_info\"": {\""exchange\"": \""celeryev\"", \""routing_key\"": \""worker.heartbeat\""}, \""priority\"": 0, \""body_encoding\"": \""base64\"", \""delivery_tag\"": \""b5d31f8b-8b1d-4eb7-b767-2b7a2565d927\""}}"""
"18:49:16.611","[0 103.187.94.137:50904]","PING","""redis-py-health-check"""
"18:49:16.722","[0 103.187.94.137:50904]","PING","""redis-py-health-check"""
"18:49:17.065","[0 54.38.154.44:38296]","BRPOP","""celery"" ""celery\x06\x163"" ""celery\x06\x166"" ""celery\x06\x169"" ""1"""
"18:49:17.733","[0 103.187.94.140:45232]","PUBLISH","""/0.celeryev/worker.heartbeat"" ""{\""body\"": \""eyJob3N0bmFtZSI6ICJjZWxlcnlAcm9ja3kiLCAidXRjb2Zmc2V0IjogMCwgInBpZCI6IDgzMTAsICJjbG9jayI6IDI1OTIsICJmcmVxIjogMi4wLCAiYWN0aXZlIjogMCwgInByb2Nlc3NlZCI6IDAsICJsb2FkYXZnIjogWzAuNTMsIDAuNTksIDAuNTJdLCAic3dfaWRlbnQiOiAicHktY2VsZXJ5IiwgInN3X3ZlciI6ICI1LjYuMiIsICJzd19zeXMiOiAiTGludXgiLCAidGltZXN0YW1wIjogMTc3MDY0MTM1Ny40NTIwMTczLCAidHlwZSI6ICJ3b3JrZXItaGVhcnRiZWF0In0=\"", \""content-encoding\"": \""utf-8\"", \""content-type\"": \""application/json\"", \""headers\"": {\""hostname\"": \""celery@rocky\""}, \""properties\"": {\""delivery_mode\"": 1, \""delivery_info\"": {\""exchange\"": \""celeryev\"", \""routing_key\"": \""worker.heartbeat\""}, \""priority\"": 0, \""body_encoding\"": \""base64\"", \""delivery_tag\"": \""1af09054-3964-42ea-939e-5127a9849206\""}}"""
"18:49:17.696","[0 103.187.94.136:47526]","BRPOP","""celery"" ""celery\x06\x163"" ""celery\x06\x166"" ""celery\x06\x169"" ""1"""
"18:49:18.373","[0 54.38.154.44:38296]","BRPOP","""celery"" ""celery\x06\x163"" ""celery\x06\x166"" ""celery\x06\x169"" ""1"""
"18:49:18.951","[0 54.38.154.44:38324]","PUBLISH","""/0.celeryev/worker.heartbeat"" ""{\""body\"": \""eyJob3N0bmFtZSI6ICJjZWxlcnlANjY4YzQ3YTYiLCAidXRjb2Zmc2V0IjogMCwgInBpZCI6IDUsICJjbG9jayI6IDI1OTQsICJmcmVxIjogMi4wLCAiYWN0aXZlIjogMCwgInByb2Nlc3NlZCI6IDAsICJsb2FkYXZnIjogWzAuMDMsIDAuMDMsIDAuMDFdLCAic3dfaWRlbnQiOiAicHktY2VsZXJ5IiwgInN3X3ZlciI6ICI1LjYuMiIsICJzd19zeXMiOiAiTGludXgiLCAidGltZXN0YW1wIjogMTc3MDY0MTM1OC42OTE0NzA0LCAidHlwZSI6ICJ3b3JrZXItaGVhcnRiZWF0In0=\"", \""content-encoding\"": \""utf-8\"", \""content-type\"": \""application/json\"", \""headers\"": {\""hostname\"": \""celery@668c47a6\""}, \""properties\"": {\""delivery_mode\"": 1, \""delivery_info\"": {\""exchange\"": \""celeryev\"", \""routing_key\"": \""worker.heartbeat\""}, \""priority\"": 0, \""body_encoding\"": \""base64\"", \""delivery_tag\"": \""e33ec445-ac02-4029-a017-706678bda31f\""}}"""
"18:49:19.235","[0 103.187.94.136:47526]","BRPOP","""celery"" ""celery\x06\x163"" ""celery\x06\x166"" ""celery\x06\x169"" ""1"""
"18:49:19.679","[0 54.38.154.44:38296]","BRPOP","""celery"" ""celery\x06\x163"" ""celery\x06\x166"" ""celery\x06\x169"" ""1"""
"18:49:20.066","[0 103.187.94.140:45232]","PUBLISH","""/0.celeryev/worker.heartbeat"" ""{\""body\"": \""eyJob3N0bmFtZSI6ICJjZWxlcnlAcm9ja3kiLCAidXRjb2Zmc2V0IjogMCwgInBpZCI6IDgzMTAsICJjbG9jayI6IDI1OTYsICJmcmVxIjogMi4wLCAiYWN0aXZlIjogMCwgInByb2Nlc3NlZCI6IDAsICJsb2FkYXZnIjogWzAuNTMsIDAuNTksIDAuNTJdLCAic3dfaWRlbnQiOiAicHktY2VsZXJ5IiwgInN3X3ZlciI6ICI1LjYuMiIsICJzd19zeXMiOiAiTGludXgiLCAidGltZXN0YW1wIjogMTc3MDY0MTM1OS43ODUyNTI2LCAidHlwZSI6ICJ3b3JrZXItaGVhcnRiZWF0In0=\"", \""content-encoding\"": \""utf-8\"", \""content-type\"": \""application/json\"", \""headers\"": {\""hostname\"": \""celery@rocky\""}, \""properties\"": {\""delivery_mode\"": 1, \""delivery_info\"": {\""exchange\"": \""celeryev\"", \""routing_key\"": \""worker.heartbeat\""}, \""priority\"": 0, \""body_encoding\"": \""base64\"", \""delivery_tag\"": \""b7b17fc0-2dab-4789-8eed-a5b77aa3e41b\""}}"""
"18:49:20.773","[0 103.187.94.136:47526]","BRPOP","""celery"" ""celery\x06\x163"" ""celery\x06\x166"" ""celery\x06\x169"" ""1"""
"18:49:20.987","[0 54.38.154.44:38296]","BRPOP","""celery"" ""celery\x06\x163"" ""celery\x06\x166"" ""celery\x06\x169"" ""1"""
"18:49:21.469","[0 54.38.154.44:38324]","PUBLISH","""/0.celeryev/worker.heartbeat"" ""{\""body\"": \""eyJob3N0bmFtZSI6ICJjZWxlcnlANjY4YzQ3YTYiLCAidXRjb2Zmc2V0IjogMCwgInBpZCI6IDUsICJjbG9jayI6IDI1OTgsICJmcmVxIjogMi4wLCAiYWN0aXZlIjogMCwgInByb2Nlc3NlZCI6IDAsICJsb2FkYXZnIjogWzAuMDMsIDAuMDMsIDAuMDFdLCAic3dfaWRlbnQiOiAicHktY2VsZXJ5IiwgInN3X3ZlciI6ICI1LjYuMiIsICJzd19zeXMiOiAiTGludXgiLCAidGltZXN0YW1wIjogMTc3MDY0MTM2MS4yMDg2OTEsICJ0eXBlIjogIndvcmtlci1oZWFydGJlYXQifQ==\"", \""content-encoding\"": \""utf-8\"", \""content-type\"": \""application/json\"", \""headers\"": {\""hostname\"": \""celery@668c47a6\""}, \""properties\"": {\""delivery_mode\"": 1, \""delivery_info\"": {\""exchange\"": \""celeryev\"", \""routing_key\"": \""worker.heartbeat\""}, \""priority\"": 0, \""body_encoding\"": \""base64\"", \""delivery_tag\"": \""f09fc5bc-e9eb-46f4-b6bb-a971199e8268\""}}"""
"18:49:22.389","[0 103.187.94.140:45232]","PUBLISH","""/0.celeryev/worker.heartbeat"" ""{\""body\"": \""eyJob3N0bmFtZSI6ICJjZWxlcnlAcm9ja3kiLCAidXRjb2Zmc2V0IjogMCwgInBpZCI6IDgzMTAsICJjbG9jayI6IDI2MDAsICJmcmVxIjogMi4wLCAiYWN0aXZlIjogMCwgInByb2Nlc3NlZCI6IDAsICJsb2FkYXZnIjogWzAuNDksIDAuNTgsIDAuNTJdLCAic3dfaWRlbnQiOiAicHktY2VsZXJ5IiwgInN3X3ZlciI6ICI1LjYuMiIsICJzd19zeXMiOiAiTGludXgiLCAidGltZXN0YW1wIjogMTc3MDY0MTM2Mi4xMTg1MzksICJ0eXBlIjogIndvcmtlci1oZWFydGJlYXQifQ==\"", \""content-encoding\"": \""utf-8\"", \""content-type\"": \""application/json\"", \""headers\"": {\""hostname\"": \""celery@rocky\""}, \""properties\"": {\""delivery_mode\"": 1, \""delivery_info\"": {\""exchange\"": \""celeryev\"", \""routing_key\"": \""worker.heartbeat\""}, \""priority\"": 0, \""body_encoding\"": \""base64\"", \""delivery_tag\"": \""518da952-e63e-49d5-baf1-02fb0b9e7e4f\""}}"""
"18:49:22.303","[0 103.187.94.136:47526]","BRPOP","""celery"" ""celery\x06\x163"" ""celery\x06\x166"" ""celery\x06\x169"" ""1"""
"18:49:22.772","[0 54.38.154.44:38296]","BRPOP","""celery"" ""celery\x06\x163"" ""celery\x06\x166"" ""celery\x06\x169"" ""1"""